survived,pclass,sex,age,sibsp,parch,fare,embarked,alone,age_years,fare_dollars,family_size,fare_per_person,age_group,fare_tier,age_old,large_family,risk_score,actual_risk,age_survival_rate
0,3,1,-0.5510595194824087,1,0,-0.5275147920390659,2,0,22.0,7.25,2,3.625,Young Adult,Very Low,0,0,1.327,1,0.3803680981595092
1,1,0,0.6119446643175359,1,0,0.6950862020362649,0,0,38.0,71.2833,2,35.64165,Adult,High,0,0,0.3,0,0.45535714285714285
1,3,0,-0.26030847353242254,0,0,-0.5146268779224914,2,1,26.0,7.925,1,7.925,Young Adult,Very Low,0,0,0.8999999999999999,0,0.38976377952755903
1,1,0,0.3938813798550463,1,0,0.34790870758306697,2,0,35.0,53.1,2,26.55,Young Adult,High,0,0,0.3,0,0.45535714285714285
0,3,1,0.3938813798550463,0,0,-0.5122402271601628,2,1,35.0,8.05,1,8.05,Young Adult,Very Low,0,0,1.327,1,0.45535714285714285
0,3,1,-0.11493295055742946,0,0,-0.5044444711100926,1,1,28.0,8.4583,1,8.4583,Young Adult,Very Low,0,0,1.327,1,0.38976377952755903
0,1,1,1.7749488481174804,0,0,0.3242808650360137,2,1,54.0,51.8625,1,51.8625,Adult,High,1,0,0.727,1,0.45454545454545453
0,3,1,-2.0048147492323394,3,1,-0.26355121772552204,2,0,2.0,21.075,5,4.215,Child,Medium,0,0,1.327,1,0.660377358490566
1,3,0,-0.18762071204492597,0,2,-0.45337014479626053,2,0,27.0,11.1333,3,3.7111,Young Adult,Low,0,0,0.8999999999999999,0,0.38976377952755903
1,2,0,-1.1325616113823809,1,0,-0.09179255430347663,0,0,14.0,30.0708,2,15.0354,Teen,Medium,0,0,0.6,0,0.41304347826086957
1,3,0,-1.8594392262573463,1,1,-0.34708399440702326,2,0,4.0,16.7,3,5.566666666666666,Child,Low,0,0,0.8999999999999999,0,0.660377358490566
1,1,0,2.0656998940674667,0,0,-0.15901591433552906,2,1,58.0,26.55,1,26.55,Adult,Medium,1,0,0.3,0,0.391304347826087
0,3,1,-0.6964350424574017,0,0,-0.5122402271601628,2,1,20.0,8.05,1,8.05,Young Adult,Very Low,0,0,1.327,1,0.3803680981595092
0,3,1,0.6846324258050325,1,5,-0.06880051551950776,2,0,39.0,31.275,7,4.4678571428571425,Adult,Medium,0,1,1.539,1,0.45535714285714285
0,3,0,-1.1325616113823809,0,0,-0.5159786769142743,2,1,14.0,7.8542,1,7.8542,Teen,Very Low,0,0,0.8999999999999999,1,0.41304347826086957
1,2,0,1.847636609604977,0,0,-0.36044923867606343,2,1,55.0,16.0,1,16.0,Adult,Low,1,0,0.6,0,0.45454545454545453
0,3,1,-2.0048147492323394,4,1,-0.10985090863155976,1,0,2.0,29.125,6,4.854166666666667,Child,Medium,0,1,1.539,1,0.660377358490566
1,2,1,-0.11493295055742946,0,0,-0.41772885697195,2,1,28.0,13.0,1,13.0,Young Adult,Low,0,0,1.027,0,0.38976377952755903
0,3,0,0.10313033390506016,1,0,-0.3222628264788057,2,0,31.0,18.0,2,9.0,Young Adult,Low,0,0,0.8999999999999999,1,0.38976377952755903
1,3,0,-0.11493295055742946,0,0,-0.5279921221915316,0,1,28.0,7.225,1,7.225,Young Adult,Very Low,0,0,0.8999999999999999,0,0.38976377952755903
0,2,1,0.3938813798550463,0,0,-0.16951717768977492,2,1,35.0,26.0,1,26.0,Young Adult,Medium,0,0,1.027,1,0.45535714285714285
1,2,1,0.3211936183675498,0,0,-0.41772885697195,2,1,34.0,13.0,1,13.0,Young Adult,Low,0,0,1.027,0,0.45535714285714285
1,3,0,-1.0598738498948845,0,0,-0.5126373658470144,1,1,15.0,8.0292,1,8.0292,Teen,Very Low,0,0,0.8999999999999999,0,0.41304347826086957
1,1,1,-0.11493295055742946,0,0,0.011868280247199164,2,1,28.0,35.5,1,35.5,Young Adult,Medium,0,0,0.727,0,0.38976377952755903
0,3,0,-1.5686881803073602,3,1,-0.26355121772552204,2,0,8.0,21.075,5,4.215,Child,Medium,0,0,0.8999999999999999,1,0.660377358490566
1,3,0,0.6119446643175359,1,5,-0.06665252983341201,2,0,38.0,31.3875,7,4.483928571428572,Adult,Medium,0,1,1.1119999999999999,0,0.45535714285714285
0,3,1,-0.11493295055742946,0,0,-0.5279921221915316,0,1,28.0,7.225,1,7.225,Young Adult,Very Low,0,0,1.327,1,0.38976377952755903
0,1,1,-0.7691228039448983,3,2,4.355572667685263,2,0,19.0,263.0,6,43.833333333333336,Young Adult,Very High,0,1,0.939,1,0.3803680981595092
1,3,0,-0.11493295055742946,0,0,-0.5155013467618086,1,1,28.0,7.8792,1,7.8792,Young Adult,Very Low,0,0,0.8999999999999999,0,0.38976377952755903
0,3,1,-0.11493295055742946,0,0,-0.5151843995405714,2,1,28.0,7.8958,1,7.8958,Young Adult,Very Low,0,0,1.327,1,0.38976377952755903
0,1,1,0.757320187292529,0,0,-0.13666158863525438,0,1,40.0,27.7208,1,27.7208,Adult,Medium,0,0,0.727,1,0.45535714285714285
1,1,0,-0.11493295055742946,1,0,2.131611295881853,0,0,28.0,146.5208,2,73.2604,Young Adult,Very High,0,0,0.3,0,0.38976377952755903
1,3,0,-0.11493295055742946,0,0,-0.5179681889897515,1,1,28.0,7.75,1,7.75,Young Adult,Very Low,0,0,0.8999999999999999,0,0.38976377952755903
0,2,1,2.647201985967439,0,0,-0.46546187221852214,2,1,66.0,10.5,1,10.5,Senior,Low,1,0,1.027,1,0.0
0,1,1,-0.11493295055742946,1,0,0.9029634834350866,0,0,28.0,82.1708,2,41.0854,Young Adult,High,0,0,0.727,1,0.38976377952755903
0,1,1,0.902695710267522,1,0,0.32690618087457524,2,0,42.0,52.0,2,26.0,Adult,High,0,0,0.727,1,0.34782608695652173
1,3,1,-0.11493295055742946,0,0,-0.5279119307259174,0,1,28.0,7.2292,1,7.2292,Young Adult,Very Low,0,0,1.327,0,0.38976377952755903
0,3,1,-0.6237472809699052,0,0,-0.5122402271601628,2,1,21.0,8.05,1,8.05,Young Adult,Very Low,0,0,1.327,1,0.3803680981595092
0,3,0,-0.8418105654323949,2,0,-0.3222628264788057,2,0,18.0,18.0,3,6.0,Teen,Low,0,0,0.8999999999999999,1,0.3803680981595092
1,3,0,-1.1325616113823809,1,0,-0.4513004412551691,0,0,14.0,11.2417,2,5.62085,Teen,Low,0,0,0.8999999999999999,0,0.41304347826086957
0,3,0,0.757320187292529,1,0,-0.48503240846961665,2,0,40.0,9.475,2,4.7375,Adult,Very Low,0,0,0.8999999999999999,1,0.45535714285714285
0,2,0,-0.18762071204492597,1,0,-0.2649832081829192,2,0,27.0,21.0,2,10.5,Young Adult,Medium,0,0,0.6,1,0.38976377952755903
0,3,1,-0.11493295055742946,0,0,-0.5151843995405714,0,1,28.0,7.8958,1,7.8958,Young Adult,Very Low,0,0,1.327,1,0.38976377952755903
1,2,0,-1.9321269877448428,1,2,0.1279396987619837,0,0,3.0,41.5792,4,10.3948,Child,High,0,0,0.6,0,0.660377358490566
1,3,0,-0.7691228039448983,0,0,-0.5155013467618086,1,1,19.0,7.8792,1,7.8792,Young Adult,Very Low,0,0,0.8999999999999999,0,0.3803680981595092
0,3,1,-0.11493295055742946,0,0,-0.5122402271601628,2,1,28.0,8.05,1,8.05,Young Adult,Very Low,0,0,1.327,1,0.38976377952755903
0,3,1,-0.11493295055742946,1,0,-0.36999584172537786,1,0,28.0,15.5,2,7.75,Young Adult,Low,0,0,1.327,1,0.38976377952755903
0,3,1,-0.11493295055742946,2,0,-0.25201510260073046,0,0,28.0,21.6792,3,7.226400000000001,Young Adult,Medium,0,0,1.327,1,0.38976377952755903
0,3,0,-0.8418105654323949,1,0,-0.3260814676985315,2,0,18.0,17.8,2,8.9,Teen,Low,0,0,0.8999999999999999,1,0.3803680981595092
0,3,1,-1.6413759417948568,4,1,0.09182108078520748,2,0,7.0,39.6875,6,6.614583333333333,Child,Medium,0,1,1.539,1,0.660377358490566
0,3,1,-0.6237472809699052,0,0,-0.51701352868482,2,1,21.0,7.8,1,7.8,Young Adult,Very Low,0,0,1.327,1,0.3803680981595092
1,1,0,1.4115100406799979,1,0,0.799065893128788,0,0,49.0,76.7292,2,38.3646,Adult,High,0,0,0.3,0,0.45454545454545453
1,2,0,-0.042245189069932916,1,0,-0.16951717768977492,2,0,29.0,26.0,2,13.0,Young Adult,Medium,0,0,0.6,0,0.38976377952755903
0,1,1,2.574514224479943,0,1,0.5174411031740123,0,0,65.0,61.9792,2,30.9896,Senior,High,1,0,0.727,1,0.0
1,2,0,-0.6237472809699052,0,0,-0.46546187221852214,2,1,21.0,10.5,1,10.5,Young Adult,Low,0,0,0.6,0,0.3803680981595092
0,3,1,-0.07858906981368119,0,0,-0.5279119307259174,0,1,28.5,7.2292,1,7.2292,Young Adult,Very Low,0,0,1.327,1,0.38976377952755903
1,2,0,-1.7867514647698497,1,2,-0.13610406701717442,2,0,5.0,27.75,4,6.9375,Child,Medium,0,0,0.6,0,0.660377358490566
0,3,1,-1.3506248958448706,5,2,0.22953082977156805,2,0,11.0,46.9,8,5.8625,Child,High,0,1,1.539,1,0.41304347826086957
0,3,1,-0.5510595194824087,0,0,-0.5279119307259174,0,1,22.0,7.2292,1,7.2292,Young Adult,Very Low,0,0,1.327,1,0.3803680981595092
1,1,0,0.6119446643175359,0,0,0.8615159516361831,2,1,38.0,80.0,1,80.0,Adult,High,0,0,0.3,0,0.45535714285714285
0,1,1,1.1207589947300116,1,0,0.9278648428289182,2,0,45.0,83.475,2,41.7375,Adult,High,0,0,0.727,1,0.34782608695652173
0,3,1,-1.8594392262573463,3,2,-0.13324008610238014,2,0,4.0,27.9,6,4.6499999999999995,Child,Medium,0,1,1.539,1,0.660377358490566
0,1,1,-0.11493295055742946,0,0,-0.13666158863525438,0,1,28.0,27.7208,1,27.7208,Young Adult,Medium,0,0,0.727,1,0.38976377952755903
1,3,1,-0.11493295055742946,1,1,-0.37484933471564935,0,0,28.0,15.2458,3,5.081933333333333,Young Adult,Low,0,0,1.327,0,0.38976377952755903
1,2,0,-0.042245189069932916,0,0,-0.46546187221852214,2,1,29.0,10.5,1,10.5,Young Adult,Low,0,0,0.6,0,0.38976377952755903
0,3,1,-0.7691228039448983,0,0,-0.5101724329396813,2,1,19.0,8.1583,1,8.1583,Young Adult,Very Low,0,0,1.327,1,0.3803680981595092
1,3,0,-0.9144983269198913,4,2,-0.5146268779224914,2,0,17.0,7.925,7,1.1321428571428571,Teen,Very Low,0,1,1.1119999999999999,0,0.3803680981595092
0,3,1,-0.26030847353242254,2,0,-0.5005456384247526,2,0,26.0,8.6625,3,2.8874999999999997,Young Adult,Very Low,0,0,1.327,1,0.38976377952755903
0,2,1,0.1758180953925567,0,0,-0.46546187221852214,2,1,32.0,10.5,1,10.5,Young Adult,Low,0,0,1.027,1,0.38976377952755903
0,3,0,-0.9871860884073879,5,2,0.22953082977156805,2,0,16.0,46.9,8,5.8625,Teen,High,0,1,1.1119999999999999,1,0.41304347826086957
0,2,1,-0.6237472809699052,0,0,0.7374101119950955,2,1,21.0,73.5,1,73.5,Young Adult,High,0,0,1.027,1,0.3803680981595092
0,3,1,-0.26030847353242254,1,0,-0.3899635166633239,0,0,26.0,14.4542,2,7.2271,Young Adult,Low,0,0,1.327,1,0.38976377952755903
1,3,1,0.1758180953925567,0,0,0.41274541685279087,2,1,32.0,56.4958,1,56.4958,Young Adult,High,0,0,1.327,0,0.38976377952755903
0,3,1,-0.33299623501991904,0,0,-0.5198775095996144,2,1,25.0,7.65,1,7.65,Young Adult,Very Low,0,0,1.327,1,0.38976377952755903
1,2,1,-2.0898594301727105,0,2,-0.11223755939388837,2,0,0.83,29.0,3,9.666666666666666,Child,Medium,0,0,1.027,0,0.660377358490566
1,3,0,0.03044257241756362,0,0,-0.42775279017373014,2,1,30.0,12.475,1,12.475,Young Adult,Low,0,0,0.8999999999999999,0,0.38976377952755903
0,3,1,-0.5510595194824087,0,0,-0.49410168136646543,2,1,22.0,9.0,1,9.0,Young Adult,Very Low,0,0,1.327,1,0.3803680981595092
1,3,1,-0.042245189069932916,0,0,-0.484555078317151,2,1,29.0,9.5,1,9.5,Young Adult,Very Low,0,0,1.327,0,0.38976377952755903
1,3,0,-0.11493295055742946,0,0,-0.5172521937610529,1,1,28.0,7.7875,1,7.7875,Young Adult,Very Low,0,0,0.8999999999999999,0,0.38976377952755903
0,1,1,-0.11493295055742946,0,0,0.23334947099129388,2,1,28.0,47.1,1,47.1,Young Adult,High,0,0,0.727,1,0.38976377952755903
1,2,0,-0.9144983269198913,0,0,-0.46546187221852214,2,1,17.0,10.5,1,10.5,Teen,Low,0,0,0.6,0,0.3803680981595092
1,3,0,0.24850585688005322,3,0,-0.36331321959085777,2,0,33.0,15.85,4,3.9625,Young Adult,Low,0,0,0.8999999999999999,0,0.45535714285714285
0,3,1,-0.9871860884073879,1,3,-0.009611576613758294,2,0,16.0,34.375,5,6.875,Teen,Medium,0,0,1.327,1,0.41304347826086957
1,1,0,-0.47837175799491216,3,2,4.355572667685263,2,0,23.0,263.0,6,43.833333333333336,Young Adult,Very High,0,1,0.512,0,0.3803680981595092
0,3,1,-0.4056839965074156,0,0,-0.5122402271601628,2,1,24.0,8.05,1,8.05,Young Adult,Very Low,0,0,1.327,1,0.3803680981595092
0,3,1,-0.042245189069932916,0,0,-0.5122402271601628,2,1,29.0,8.05,1,8.05,Young Adult,Very Low,0,0,1.327,1,0.38976377952755903
0,3,1,-0.6964350424574017,0,0,-0.5159786769142743,2,1,20.0,7.8542,1,7.8542,Young Adult,Very Low,0,0,1.327,1,0.3803680981595092
0,1,1,1.1934467562175082,1,0,0.5020863468294949,2,0,46.0,61.175,2,30.5875,Adult,High,0,0,0.727,1,0.34782608695652173
0,3,1,-0.26030847353242254,1,2,-0.27309782077483646,2,0,26.0,20.575,4,5.14375,Young Adult,Medium,0,0,1.327,1,0.38976377952755903
0,3,1,2.138387655554963,0,0,-0.5275147920390659,2,1,59.0,7.25,1,7.25,Adult,Very Low,1,0,1.327,1,0.391304347826087
0,1,1,3.0106407934049217,0,0,-0.0042807534710210616,0,1,71.0,34.6542,1,34.6542,Senior,Medium,1,0,0.727,1,0.0
1,1,1,-0.47837175799491216,0,1,0.5437725437046314,0,0,23.0,63.3583,2,31.67915,Young Adult,High,0,0,0.727,0,0.3803680981595092
1,2,0,0.3211936183675498,0,1,-0.2267967959856615,2,0,34.0,23.0,2,11.5,Young Adult,Medium,0,0,0.6,0,0.45535714285714285
0,2,1,0.3211936183675498,1,0,-0.16951717768977492,2,0,34.0,26.0,2,13.0,Young Adult,Medium,0,0,1.027,1,0.45535714285714285
0,3,0,-0.11493295055742946,0,0,-0.5151843995405714,2,1,28.0,7.8958,1,7.8958,Young Adult,Very Low,0,0,0.8999999999999999,1,0.38976377952755903
0,1,1,-0.6237472809699052,0,1,0.8097256300936522,2,0,21.0,77.2875,2,38.64375,Young Adult,High,0,0,0.727,1,0.3803680981595092
0,3,1,0.24850585688005322,0,0,-0.5007041120353712,2,1,33.0,8.6542,1,8.6542,Young Adult,Very Low,0,0,1.327,1,0.45535714285714285
0,3,1,0.5392569028300394,2,0,-0.5146268779224914,2,0,37.0,7.925,3,2.6416666666666666,Adult,Very Low,0,0,1.327,1,0.45535714285714285
1,3,0,-0.6237472809699052,0,0,-0.5198775095996144,2,1,21.0,7.65,1,7.65,Young Adult,Very Low,0,0,0.8999999999999999,0,0.3803680981595092
1,3,1,-0.11493295055742946,0,0,-0.5174908588372857,2,1,28.0,7.775,1,7.775,Young Adult,Very Low,0,0,1.327,0,0.38976377952755903
0,3,1,0.6119446643175359,0,0,-0.5151843995405714,2,1,38.0,7.8958,1,7.8958,Adult,Very Low,0,0,1.327,1,0.45535714285714285
1,3,0,-0.11493295055742946,1,0,-0.20483960897223832,1,0,28.0,24.15,2,12.075,Young Adult,Medium,0,0,0.8999999999999999,0,0.38976377952755903
0,1,1,1.2661345177050047,0,0,0.32690618087457524,2,1,47.0,52.0,1,52.0,Adult,High,0,0,0.727,1,0.34782608695652173
0,3,0,-1.0962177306386327,1,0,-0.3899635166633239,0,0,14.5,14.4542,2,7.2271,Teen,Low,0,0,0.8999999999999999,1,0.41304347826086957
0,3,1,-0.5510595194824087,0,0,-0.5122402271601628,2,1,22.0,8.05,1,8.05,Young Adult,Very Low,0,0,1.327,1,0.3803680981595092
0,3,0,-0.6964350424574017,1,0,-0.4783497863350966,2,0,20.0,9.825,2,4.9125,Young Adult,Very Low,0,0,0.8999999999999999,1,0.3803680981595092
0,3,0,-0.9144983269198913,0,0,-0.3898852345183195,0,1,17.0,14.4583,1,14.4583,Teen,Low,0,0,0.8999999999999999,1,0.3803680981595092
0,3,1,-0.6237472809699052,0,0,-0.5146268779224914,2,1,21.0,7.925,1,7.925,Young Adult,Very Low,0,0,1.327,1,0.3803680981595092
0,3,1,2.9742969126611736,0,0,-0.5179681889897515,1,1,70.5,7.75,1,7.75,Senior,Very Low,1,0,1.327,1,0.0
0,2,1,-0.042245189069932916,1,0,-0.2649832081829192,2,0,29.0,21.0,2,10.5,Young Adult,Medium,0,0,1.027,1,0.38976377952755903
0,1,1,-0.4056839965074156,0,1,4.060025111843367,0,0,24.0,247.5208,2,123.7604,Young Adult,Very High,0,0,0.727,1,0.3803680981595092
0,3,0,-2.0048147492323394,4,2,-0.06880051551950776,2,0,2.0,31.275,7,4.4678571428571425,Child,Medium,0,1,1.1119999999999999,1,0.660377358490566
0,2,1,-0.6237472809699052,2,0,0.7374101119950955,2,0,21.0,73.5,3,24.5,Young Adult,High,0,0,1.027,1,0.3803680981595092
0,2,1,0.21216197613630497,1,0,-0.09179255430347663,0,0,32.5,30.0708,2,15.0354,Young Adult,Medium,0,0,1.027,1,0.45535714285714285
1,2,0,0.21216197613630497,0,0,-0.41772885697195,2,1,32.5,13.0,1,13.0,Young Adult,Low,0,0,0.6,0,0.45535714285714285
0,1,1,1.7749488481174804,0,1,0.8097256300936522,2,0,54.0,77.2875,2,38.64375,Adult,High,1,0,0.727,1,0.45454545454545453
1,3,1,-1.277937134357374,1,0,-0.4513004412551691,0,0,12.0,11.2417,2,5.62085,Child,Low,0,0,1.327,0,0.41304347826086957
0,3,1,-0.11493295055742946,0,0,-0.5179681889897515,1,1,28.0,7.75,1,7.75,Young Adult,Very Low,0,0,1.327,1,0.38976377952755903
1,3,1,-0.4056839965074156,0,0,-0.5295825862595473,2,1,24.0,7.1417,1,7.1417,Young Adult,Very Low,0,0,1.327,0,0.3803680981595092
1,3,0,-0.11493295055742946,1,1,-0.23904890633915163,0,0,28.0,22.3583,3,7.452766666666666,Young Adult,Medium,0,0,0.8999999999999999,0,0.38976377952755903
0,3,1,1.1207589947300116,0,0,-0.5327654237161888,2,1,45.0,6.975,1,6.975,Adult,Very Low,0,0,1.327,1,0.34782608695652173
0,3,1,0.24850585688005322,0,0,-0.5151843995405714,0,1,33.0,7.8958,1,7.8958,Young Adult,Very Low,0,0,1.327,1,0.45535714285714285
0,3,1,-0.6964350424574017,0,0,-0.5313334332587917,2,1,20.0,7.05,1,7.05,Young Adult,Very Low,0,0,1.327,1,0.3803680981595092
0,3,0,1.2661345177050047,1,0,-0.3890890478240067,2,0,47.0,14.5,2,7.25,Adult,Low,0,0,0.8999999999999999,1,0.34782608695652173
0,2,1,-0.33299623501991904,0,0,-0.41772885697195,2,1,25.0,13.0,1,13.0,Young Adult,Low,0,0,1.027,1,0.38976377952755903
0,2,1,-0.47837175799491216,0,0,-0.3786679759353751,0,1,23.0,15.0458,1,15.0458,Young Adult,Low,0,0,1.027,1,0.3803680981595092
1,1,0,-0.7691228039448983,0,2,-0.16410807240203337,2,0,19.0,26.2833,3,8.7611,Young Adult,Medium,0,0,0.3,0,0.3803680981595092
0,1,1,0.5392569028300394,1,0,0.34790870758306697,2,0,37.0,53.1,2,26.55,Adult,High,0,0,0.727,1,0.45535714285714285
0,3,1,-0.9871860884073879,0,0,-0.4899641836048925,2,1,16.0,9.2167,1,9.2167,Teen,Very Low,0,0,1.327,1,0.41304347826086957
0,1,1,-0.4056839965074156,0,0,0.84624138675728,0,1,24.0,79.2,1,79.2,Young Adult,High,0,0,0.727,1,0.3803680981595092
0,3,0,-0.11493295055742946,0,2,-0.37484933471564935,0,0,28.0,15.2458,3,5.081933333333333,Young Adult,Low,0,0,0.8999999999999999,1,0.38976377952755903
1,3,0,-0.5510595194824087,0,0,-0.5179681889897515,2,1,22.0,7.75,1,7.75,Young Adult,Very Low,0,0,0.8999999999999999,0,0.3803680981595092
1,3,0,-0.4056839965074156,1,0,-0.36331321959085777,2,0,24.0,15.85,2,7.925,Young Adult,Low,0,0,0.8999999999999999,0,0.3803680981595092
0,3,1,-0.7691228039448983,0,0,-0.5370613950883804,1,1,19.0,6.75,1,6.75,Young Adult,Very Low,0,0,1.327,1,0.3803680981595092
0,2,1,-0.8418105654323949,0,0,-0.4463686661198933,2,1,18.0,11.5,1,11.5,Teen,Low,0,0,1.027,1,0.3803680981595092
0,2,1,-0.7691228039448983,1,1,0.03573478787048523,2,0,19.0,36.75,3,12.25,Young Adult,Medium,0,0,1.027,1,0.3803680981595092
1,3,1,-0.18762071204492597,0,0,-0.5170937201504343,2,1,27.0,7.7958,1,7.7958,Young Adult,Very Low,0,0,1.327,0,0.38976377952755903
0,3,0,-1.4960004188198637,2,2,-0.009611576613758294,2,0,9.0,34.375,5,6.875,Child,Medium,0,0,0.8999999999999999,1,0.41304347826086957
0,2,1,0.5029130220862911,0,2,-0.16951717768977492,2,0,36.5,26.0,3,8.666666666666666,Adult,Medium,0,0,1.027,1,0.45535714285714285
0,2,1,0.902695710267522,0,0,-0.41772885697195,2,1,42.0,13.0,1,13.0,Adult,Low,0,0,1.027,1,0.34782608695652173
0,2,1,1.556885563654991,0,0,-0.4267981298687987,2,1,51.0,12.525,1,12.525,Adult,Low,1,0,1.027,1,0.45454545454545453
1,1,0,-0.5510595194824087,1,0,0.6056669899145564,2,0,22.0,66.6,2,33.3,Young Adult,High,0,0,0.3,0,0.3803680981595092
0,3,1,1.8839804903487254,0,0,-0.5122402271601628,2,1,55.5,8.05,1,8.05,Adult,Very Low,1,0,1.327,1,0.45454545454545453
0,3,1,0.7936640680362772,0,2,-0.3890890478240067,2,0,40.5,14.5,3,4.833333333333333,Adult,Low,0,0,1.327,1,0.34782608695652173
0,3,1,-0.11493295055742946,0,0,-0.5263214666579016,2,1,28.0,7.3125,1,7.3125,Young Adult,Very Low,0,0,1.327,1,0.38976377952755903
0,1,1,1.556885563654991,0,1,0.5059851795148349,0,0,51.0,61.3792,2,30.6896,Adult,High,1,0,0.727,1,0.45454545454545453
1,3,0,-0.9871860884073879,0,0,-0.5182870455315985,1,1,16.0,7.7333,1,7.7333,Teen,Very Low,0,0,0.8999999999999999,0,0.41304347826086957
0,3,1,0.03044257241756362,0,0,-0.5122402271601628,2,1,30.0,8.05,1,8.05,Young Adult,Very Low,0,0,1.327,1,0.38976377952755903
0,3,1,-0.11493295055742946,0,0,-0.5005456384247526,2,1,28.0,8.6625,1,8.6625,Young Adult,Very Low,0,0,1.327,1,0.38976377952755903
0,3,1,-0.11493295055742946,8,2,0.6619919479055115,2,0,28.0,69.55,11,6.322727272727272,Young Adult,High,0,1,1.539,1,0.38976377952755903
0,3,1,1.048071233242515,0,1,-0.35853991806620056,2,0,44.0,16.1,2,8.05,Adult,Low,0,0,1.327,1,0.34782608695652173
1,2,0,0.757320187292529,0,0,-0.36522254020072065,2,1,40.0,15.75,1,15.75,Adult,Low,0,0,0.6,0,0.45535714285714285
0,3,1,-0.26030847353242254,0,0,-0.5174908588372857,2,1,26.0,7.775,1,7.775,Young Adult,Very Low,0,0,1.327,1,0.38976377952755903
0,3,1,-0.9144983269198913,0,0,-0.5005456384247526,2,1,17.0,8.6625,1,8.6625,Teen,Very Low,0,0,1.327,1,0.3803680981595092
0,3,1,-2.0775025107198357,4,1,0.09182108078520748,2,0,1.0,39.6875,6,6.614583333333333,Child,Medium,0,1,1.539,1,0.660377358490566
1,3,1,-1.4960004188198637,0,2,-0.27405248107976793,2,0,9.0,20.525,3,6.841666666666666,Child,Medium,0,0,1.327,0,0.41304347826086957
1,1,0,-0.11493295055742946,0,1,0.38418579917046175,2,0,28.0,55.0,2,27.5,Young Adult,High,0,0,0.3,0,0.38976377952755903
0,3,0,1.1207589947300116,1,4,-0.13324008610238014,2,0,45.0,27.9,6,4.6499999999999995,Adult,Medium,0,1,1.1119999999999999,1,0.34782608695652173
0,1,1,-0.11493295055742946,0,0,-0.17094916814717206,2,1,28.0,25.925,1,25.925,Young Adult,Medium,0,0,0.727,1,0.38976377952755903
0,3,1,-0.11493295055742946,0,0,0.41274541685279087,2,1,28.0,56.4958,1,56.4958,Young Adult,High,0,0,1.327,1,0.38976377952755903
0,1,1,2.283763178529956,0,0,-0.02631813195005854,2,1,61.0,33.5,1,33.5,Senior,Medium,1,0,0.727,1,0.391304347826087
0,3,1,-1.8594392262573463,4,1,-0.10985090863155976,1,0,4.0,29.125,6,4.854166666666667,Child,Medium,0,1,1.539,1,0.660377358490566
1,3,0,-2.0775025107198357,1,1,-0.45337014479626053,2,0,1.0,11.1333,3,3.7111,Child,Low,0,0,0.8999999999999999,0,0.660377358490566
0,1,1,1.9203243710924736,0,0,-0.0798593004918336,0,1,56.0,30.6958,1,30.6958,Adult,Medium,1,0,0.727,1,0.45454545454545453
0,3,1,-0.8418105654323949,1,1,-0.5159786769142743,2,0,18.0,7.8542,3,2.6180666666666665,Teen,Very Low,0,0,1.327,1,0.3803680981595092
0,3,1,-0.11493295055742946,3,1,-0.17969958450217371,2,0,28.0,25.4667,5,5.0933399999999995,Young Adult,Medium,0,0,1.327,1,0.38976377952755903
0,1,0,1.4841978021674944,0,0,-0.1177268561472442,0,1,50.0,28.7125,1,28.7125,Adult,Medium,0,0,0.3,1,0.45454545454545453
0,2,1,0.03044257241756362,0,0,-0.41772885697195,2,1,30.0,13.0,1,13.0,Young Adult,Low,0,0,1.027,1,0.38976377952755903
0,3,1,0.46656914134254285,0,0,-0.6659405362541251,2,1,36.0,0.0,1,0.0,Adult,,0,0,1.327,1,0.45535714285714285
0,3,0,-0.11493295055742946,8,2,0.6619919479055115,2,0,28.0,69.55,11,6.322727272727272,Young Adult,High,0,1,1.1119999999999999,1,0.38976377952755903
0,2,1,-0.11493295055742946,0,0,-0.3785877844697608,0,1,28.0,15.05,1,15.05,Young Adult,Low,0,0,1.027,1,0.38976377952755903
0,3,1,-1.4960004188198637,4,2,-0.06665252983341201,2,0,9.0,31.3875,7,4.483928571428572,Child,Medium,0,1,1.539,1,0.41304347826086957
1,2,1,-2.0775025107198357,2,1,0.07869450159240014,2,0,1.0,39.0,4,9.75,Child,Medium,0,0,1.027,0,0.660377358490566
1,3,0,-1.8594392262573463,0,2,-0.24541267193182464,2,0,4.0,22.025,3,7.341666666666666,Child,Medium,0,0,0.8999999999999999,0,0.660377358490566
0,1,1,-0.11493295055742946,0,0,0.2887197686773175,2,1,28.0,50.0,1,50.0,Young Adult,High,0,0,0.727,1,0.38976377952755903
1,3,0,-0.11493295055742946,1,0,-0.36999584172537786,1,0,28.0,15.5,2,7.75,Young Adult,Low,0,0,0.8999999999999999,0,0.38976377952755903
1,1,1,1.1207589947300116,0,0,-0.15901591433552906,2,1,45.0,26.55,1,26.55,Adult,Medium,0,0,0.727,0,0.34782608695652173
0,3,1,0.757320187292529,1,1,-0.36999584172537786,1,0,40.0,15.5,3,5.166666666666667,Adult,Low,0,0,1.327,1,0.45535714285714285
0,3,1,0.46656914134254285,0,0,-0.5151843995405714,2,1,36.0,7.8958,1,7.8958,Adult,Very Low,0,0,1.327,1,0.45535714285714285
1,2,0,0.1758180953925567,0,0,-0.41772885697195,2,1,32.0,13.0,1,13.0,Young Adult,Low,0,0,0.6,0,0.38976377952755903
0,2,1,-0.7691228039448983,0,0,-0.41772885697195,2,1,19.0,13.0,1,13.0,Young Adult,Low,0,0,1.027,1,0.3803680981595092
1,3,0,-0.7691228039448983,1,0,-0.5159786769142743,2,0,19.0,7.8542,2,3.9271,Young Adult,Very Low,0,0,0.8999999999999999,0,0.3803680981595092
1,2,1,-1.9321269877448428,1,1,-0.16951717768977492,2,0,3.0,26.0,3,8.666666666666666,Child,Medium,0,0,1.027,0,0.660377358490566
1,1,0,1.048071233242515,0,0,-0.13666158863525438,0,1,44.0,27.7208,1,27.7208,Adult,Medium,0,0,0.3,0,0.34782608695652173
1,1,0,2.0656998940674667,0,0,2.131611295881853,0,1,58.0,146.5208,1,146.5208,Adult,Very High,1,0,0.3,0,0.391304347826087
0,3,1,0.902695710267522,0,1,-0.5054774135600285,2,0,42.0,8.4042,2,4.2021,Adult,Very Low,0,0,1.327,1,0.34782608695652173
0,2,0,-0.4056839965074156,0,0,-0.41772885697195,2,1,24.0,13.0,1,13.0,Young Adult,Low,0,0,0.6,1,0.3803680981595092
0,3,1,-0.11493295055742946,0,0,-0.484555078317151,2,1,28.0,9.5,1,9.5,Young Adult,Very Low,0,0,1.327,1,0.38976377952755903
0,3,1,0.3211936183675498,0,0,-0.5419148880786518,2,1,34.0,6.4958,1,6.4958,Young Adult,Very Low,0,0,1.327,1,0.45535714285714285
0,3,1,1.15710287547376,0,0,-0.5279921221915316,0,1,45.5,7.225,1,7.225,Adult,Very Low,0,0,1.327,1,0.34782608695652173
1,3,1,-0.8418105654323949,0,0,-0.5122402271601628,2,1,18.0,8.05,1,8.05,Teen,Very Low,0,0,1.327,0,0.3803680981595092
0,3,0,-2.0048147492323394,0,1,-0.46617786744722073,2,0,2.0,10.4625,2,5.23125,Child,Low,0,0,0.8999999999999999,1,0.660377358490566
0,3,1,0.1758180953925567,1,0,-0.36331321959085777,2,0,32.0,15.85,2,7.925,Young Adult,Low,0,0,1.327,1,0.38976377952755903
1,3,1,-0.26030847353242254,0,0,-0.3072269266761355,0,1,26.0,18.7875,1,18.7875,Young Adult,Low,0,0,1.327,0,0.38976377952755903
1,3,0,-0.9871860884073879,0,0,-0.5179681889897515,1,1,16.0,7.75,1,7.75,Teen,Very Low,0,0,0.8999999999999999,0,0.41304347826086957
1,1,1,0.757320187292529,0,0,-0.07405114719663067,0,1,40.0,31.0,1,31.0,Adult,Medium,0,0,0.727,0,0.45535714285714285
0,3,1,-0.4056839965074156,0,0,-0.5313334332587917,2,1,24.0,7.05,1,7.05,Young Adult,Very Low,0,0,1.327,1,0.3803680981595092
1,2,0,0.3938813798550463,0,0,-0.2649832081829192,2,1,35.0,21.0,1,21.0,Young Adult,Medium,0,0,0.6,0,0.45535714285714285
0,3,1,-0.5510595194824087,0,0,-0.5275147920390659,2,1,22.0,7.25,1,7.25,Young Adult,Very Low,0,0,1.327,1,0.3803680981595092
0,3,1,-0.11493295055742946,1,0,-0.5179681889897515,1,0,28.0,7.75,2,3.875,Young Adult,Very Low,0,0,1.327,1,0.38976377952755903
1,1,0,0.10313033390506016,1,0,1.496842384568058,0,0,31.0,113.275,2,56.6375,Young Adult,Very High,0,0,0.3,0,0.38976377952755903
1,3,0,-0.18762071204492597,0,0,-0.5146268779224914,2,1,27.0,7.925,1,7.925,Young Adult,Very Low,0,0,0.8999999999999999,0,0.38976377952755903
0,2,1,0.902695710267522,1,0,-0.15042397159114607,2,0,42.0,27.0,2,13.5,Adult,Medium,0,0,1.027,1,0.34782608695652173
1,1,0,0.1758180953925567,0,0,0.7907126154606378,0,1,32.0,76.2917,1,76.2917,Young Adult,High,0,0,0.3,0,0.38976377952755903
0,2,1,0.03044257241756362,0,0,-0.46546187221852214,2,1,30.0,10.5,1,10.5,Young Adult,Low,0,0,1.027,1,0.38976377952755903
1,3,1,-0.9871860884073879,0,0,-0.5122402271601628,2,1,16.0,8.05,1,8.05,Teen,Very Low,0,0,1.327,0,0.41304347826086957
0,2,1,-0.18762071204492597,0,0,-0.41772885697195,2,1,27.0,13.0,1,13.0,Young Adult,Low,0,0,1.027,1,0.38976377952755903
0,3,1,1.556885563654991,0,0,-0.5122402271601628,2,1,51.0,8.05,1,8.05,Adult,Very Low,1,0,1.327,1,0.45454545454545453
1,1,1,0.6119446643175359,1,0,1.0524480126224716,2,0,38.0,90.0,2,45.0,Adult,High,0,0,0.727,0,0.45535714285714285
0,3,1,-0.5510595194824087,0,0,-0.4874190592319453,2,1,22.0,9.35,1,9.35,Young Adult,Very Low,0,0,1.327,1,0.3803680981595092
1,2,1,-0.7691228039448983,0,0,-0.46546187221852214,2,1,19.0,10.5,1,10.5,Young Adult,Low,0,0,1.027,0,0.3803680981595092
0,3,1,-0.6600911617136535,0,0,-0.5275147920390659,2,1,20.5,7.25,1,7.25,Young Adult,Very Low,0,0,1.327,1,0.3803680981595092
0,2,1,-0.8418105654323949,0,0,-0.41772885697195,2,1,18.0,13.0,1,13.0,Teen,Low,0,0,1.027,1,0.3803680981595092
0,3,0,-0.11493295055742946,3,1,-0.17969958450217371,2,0,28.0,25.4667,5,5.0933399999999995,Young Adult,Medium,0,0,0.8999999999999999,1,0.38976377952755903
1,1,0,0.3938813798550463,1,0,0.9278648428289182,2,0,35.0,83.475,2,41.7375,Young Adult,High,0,0,0.3,0,0.45535714285714285
0,3,1,-0.042245189069932916,0,0,-0.5174908588372857,2,1,29.0,7.775,1,7.775,Young Adult,Very Low,0,0,1.327,1,0.38976377952755903
0,2,1,2.138387655554963,0,0,-0.4081822539226356,2,1,59.0,13.5,1,13.5,Adult,Low,1,0,1.027,1,0.391304347826087
1,3,0,-1.7867514647698497,4,2,-0.06665252983341201,2,0,5.0,31.3875,7,4.483928571428572,Child,Medium,0,1,1.1119999999999999,0,0.660377358490566
0,2,1,-0.4056839965074156,0,0,-0.46546187221852214,2,1,24.0,10.5,1,10.5,Young Adult,Low,0,0,1.027,1,0.3803680981595092
0,3,0,-0.11493295055742946,0,0,-0.5217868302094772,2,1,28.0,7.55,1,7.55,Young Adult,Very Low,0,0,0.8999999999999999,1,0.38976377952755903
0,2,1,1.048071233242515,1,0,-0.16951717768977492,2,0,44.0,26.0,2,13.0,Adult,Medium,0,0,1.027,1,0.34782608695652173
1,2,0,-1.5686881803073602,0,2,-0.1647438761651177,2,0,8.0,26.25,3,8.75,Child,Medium,0,0,0.6,0,0.660377358490566
0,2,1,-0.7691228039448983,0,0,-0.46546187221852214,2,1,19.0,10.5,1,10.5,Young Adult,Low,0,0,1.027,1,0.3803680981595092
0,2,1,0.24850585688005322,0,0,-0.43157143139345594,2,1,33.0,12.275,1,12.275,Young Adult,Low,0,0,1.027,1,0.45535714285714285
0,3,0,-0.11493295055742946,1,0,-0.3899635166633239,0,0,28.0,14.4542,2,7.2271,Young Adult,Low,0,0,0.8999999999999999,1,0.38976377952755903
0,2,1,-0.042245189069932916,0,0,-0.46546187221852214,2,1,29.0,10.5,1,10.5,Young Adult,Low,0,0,1.027,1,0.38976377952755903
0,3,1,-0.5510595194824087,0,0,-0.5299014428013945,2,1,22.0,7.125,1,7.125,Young Adult,Very Low,0,0,1.327,1,0.3803680981595092
0,3,1,0.03044257241756362,0,0,-0.5279921221915316,0,1,30.0,7.225,1,7.225,Young Adult,Very Low,0,0,1.327,1,0.38976377952755903
0,1,1,1.048071233242515,2,0,1.0524480126224716,1,0,44.0,90.0,3,30.0,Adult,High,0,0,0.727,1,0.34782608695652173
0,3,0,-0.33299623501991904,0,0,-0.5174908588372857,2,1,25.0,7.775,1,7.775,Young Adult,Very Low,0,0,0.8999999999999999,1,0.38976377952755903
1,2,0,-0.4056839965074156,0,2,-0.3890890478240067,2,0,24.0,14.5,3,4.833333333333333,Young Adult,Low,0,0,0.6,0,0.3803680981595092
1,1,1,0.5392569028300394,1,1,0.33748763569443535,2,0,37.0,52.5542,3,17.518066666666666,Adult,High,0,0,0.727,0,0.45535714285714285
0,2,1,1.7749488481174804,1,0,-0.16951717768977492,2,0,54.0,26.0,2,13.0,Adult,Medium,1,0,1.027,1,0.45454545454545453
0,3,1,-0.11493295055742946,0,0,-0.5275147920390659,2,1,28.0,7.25,1,7.25,Young Adult,Very Low,0,0,1.327,1,0.38976377952755903
0,3,0,-0.042245189069932916,1,1,-0.46617786744722073,2,0,29.0,10.4625,3,3.4875000000000003,Young Adult,Low,0,0,0.8999999999999999,1,0.38976377952755903
0,1,1,2.356450940017453,0,0,-0.15901591433552906,2,1,62.0,26.55,1,26.55,Senior,Medium,1,0,0.727,1,0.391304347826087
0,3,1,0.03044257241756362,1,0,-0.35853991806620056,2,0,30.0,16.1,2,8.05,Young Adult,Low,0,0,1.327,1,0.38976377952755903
0,3,0,0.8300079487800255,0,2,-0.28001910798558943,2,0,41.0,20.2125,3,6.7375,Adult,Medium,0,0,0.8999999999999999,1,0.34782608695652173
1,3,0,-0.042245189069932916,0,2,-0.37484933471564935,0,0,29.0,15.2458,3,5.081933333333333,Young Adult,Low,0,0,0.8999999999999999,0,0.38976377952755903
1,1,0,-0.11493295055742946,0,0,0.84624138675728,0,1,28.0,79.2,1,79.2,Young Adult,High,0,0,0.3,0,0.38976377952755903
1,1,0,0.03044257241756362,0,0,0.9856217912772706,2,1,30.0,86.5,1,86.5,Young Adult,High,0,0,0.3,0,0.38976377952755903
1,1,0,0.3938813798550463,0,0,9.116066469691516,0,1,35.0,512.3292,1,512.3292,Young Adult,Very High,0,0,0.3,0,0.45535714285714285
1,2,0,1.4841978021674944,0,1,-0.16951717768977492,2,0,50.0,26.0,2,13.0,Adult,Medium,0,0,0.6,0,0.45454545454545453
1,3,1,-1.9321269877448428,4,2,-0.06665252983341201,2,0,3.0,31.3875,7,4.483928571428572,Child,Medium,0,1,1.539,0,0.660377358490566
0,1,1,1.6295733251424873,1,1,0.8548333295016631,2,0,52.0,79.65,3,26.55,Adult,High,1,0,0.727,1,0.45454545454545453
0,1,1,0.757320187292529,0,0,-0.6659405362541251,2,1,40.0,0.0,1,0.0,Adult,,0,0,0.727,1,0.45535714285714285
0,3,0,-0.11493295055742946,0,0,-0.5179681889897515,1,1,28.0,7.75,1,7.75,Young Adult,Very Low,0,0,0.8999999999999999,1,0.38976377952755903
0,2,1,0.46656914134254285,0,0,-0.46546187221852214,2,1,36.0,10.5,1,10.5,Adult,Low,0,0,1.027,1,0.45535714285714285
0,3,1,-0.9871860884073879,4,1,0.09182108078520748,2,0,16.0,39.6875,6,6.614583333333333,Teen,Medium,0,1,1.539,1,0.41304347826086957
1,3,1,-0.33299623501991904,1,0,-0.5174908588372857,2,0,25.0,7.775,2,3.8875,Young Adult,Very Low,0,0,1.327,0,0.38976377952755903
1,1,0,2.0656998940674667,0,1,2.264150604656705,2,0,58.0,153.4625,2,76.73125,Adult,Very High,1,0,0.3,0,0.391304347826087
1,1,0,0.3938813798550463,0,0,1.9237340144830313,2,1,35.0,135.6333,1,135.6333,Young Adult,Very High,0,0,0.3,0,0.45535714285714285
0,1,1,-0.11493295055742946,0,0,-0.07405114719663067,2,1,28.0,31.0,1,31.0,Young Adult,Medium,0,0,0.727,1,0.38976377952755903
1,3,1,-0.33299623501991904,0,0,-0.6659405362541251,2,1,25.0,0.0,1,0.0,Young Adult,,0,0,1.327,0,0.38976377952755903
1,2,0,0.8300079487800255,0,1,-0.2936230173308625,2,0,41.0,19.5,2,9.75,Adult,Low,0,0,0.6,0,0.34782608695652173
0,1,1,0.5392569028300394,0,1,-0.09887231512484819,0,0,37.0,29.7,2,14.85,Adult,Medium,0,0,0.727,1,0.45535714285714285
1,1,0,2.4291387015049497,1,0,0.8225333527446125,2,0,63.0,77.9583,2,38.97915,Senior,High,1,0,0.3,0,0.391304347826087
0,3,0,1.1207589947300116,0,0,-0.5179681889897515,2,1,45.0,7.75,1,7.75,Adult,Very Low,0,0,0.8999999999999999,1,0.34782608695652173
0,2,1,-0.11493295055742946,0,0,-0.6659405362541251,2,1,28.0,0.0,1,0.0,Young Adult,,0,0,1.027,1,0.38976377952755903
0,3,1,-1.6413759417948568,4,1,-0.10985090863155976,1,0,7.0,29.125,6,4.854166666666667,Child,Medium,0,1,1.539,1,0.660377358490566
1,3,0,0.3938813798550463,1,1,-0.27930311275689085,2,0,35.0,20.25,3,6.75,Young Adult,Medium,0,0,0.8999999999999999,0,0.45535714285714285
0,3,1,2.574514224479943,0,0,-0.5179681889897515,1,1,65.0,7.75,1,7.75,Senior,Very Low,1,0,1.327,1,0.0
0,3,1,-0.11493295055742946,0,0,-0.5159786769142743,2,1,28.0,7.8542,1,7.8542,Young Adult,Very Low,0,0,1.327,1,0.38976377952755903
0,3,1,-0.9871860884073879,0,0,-0.484555078317151,2,1,16.0,9.5,1,9.5,Teen,Very Low,0,0,1.327,1,0.41304347826086957
1,3,1,-0.7691228039448983,0,0,-0.5122402271601628,2,1,19.0,8.05,1,8.05,Young Adult,Very Low,0,0,1.327,0,0.3803680981595092
0,1,1,-0.11493295055742946,0,0,-0.16951717768977492,2,1,28.0,26.0,1,26.0,Young Adult,Medium,0,0,0.727,1,0.38976377952755903
0,3,1,0.24850585688005322,0,0,-0.5005456384247526,0,1,33.0,8.6625,1,8.6625,Young Adult,Very Low,0,0,1.327,1,0.45535714285714285
1,3,1,0.03044257241756362,0,0,-0.484555078317151,2,1,30.0,9.5,1,9.5,Young Adult,Very Low,0,0,1.327,0,0.38976377952755903
0,3,1,-0.5510595194824087,0,0,-0.5151843995405714,2,1,22.0,7.8958,1,7.8958,Young Adult,Very Low,0,0,1.327,1,0.3803680981595092
1,2,1,0.902695710267522,0,0,-0.41772885697195,2,1,42.0,13.0,1,13.0,Adult,Low,0,0,1.027,0,0.34782608695652173
1,3,0,-0.5510595194824087,0,0,-0.5179681889897515,1,1,22.0,7.75,1,7.75,Young Adult,Very Low,0,0,0.8999999999999999,0,0.3803680981595092
1,1,0,-0.26030847353242254,0,0,0.8395587646227598,2,1,26.0,78.85,1,78.85,Young Adult,High,0,0,0.3,0,0.38976377952755903
1,1,0,-0.7691228039448983,1,0,1.073053400644112,0,0,19.0,91.0792,2,45.5396,Young Adult,High,0,0,0.3,0,0.3803680981595092
0,2,1,0.46656914134254285,0,0,-0.4201155077342786,0,1,36.0,12.875,1,12.875,Adult,Low,0,0,1.027,1,0.45535714285714285
0,3,0,-0.4056839965074156,0,0,-0.4969656622812597,2,1,24.0,8.85,1,8.85,Young Adult,Very Low,0,0,0.8999999999999999,1,0.3803680981595092
0,3,1,-0.4056839965074156,0,0,-0.5151843995405714,2,1,24.0,7.8958,1,7.8958,Young Adult,Very Low,0,0,1.327,1,0.3803680981595092
0,3,1,-0.4420278772511639,0,0,-0.5279119307259174,0,1,23.5,7.2292,1,7.2292,Young Adult,Very Low,0,0,1.327,1,0.3803680981595092
0,1,0,-2.0048147492323394,1,2,2.2276348479930776,2,0,2.0,151.55,4,37.8875,Child,Very High,0,0,0.3,1,0.660377358490566
1,1,1,-0.11493295055742946,0,0,-0.0835977502459451,2,1,28.0,30.5,1,30.5,Young Adult,Medium,0,0,0.727,0,0.38976377952755903
1,1,0,1.4841978021674944,0,1,4.060025111843367,0,0,50.0,247.5208,2,123.7604,Adult,Very High,0,0,0.3,0,0.45454545454545453
1,3,1,-0.11493295055742946,2,0,-0.22202349446100428,1,0,28.0,23.25,3,7.75,Young Adult,Medium,0,0,1.327,0,0.38976377952755903
0,3,1,-0.7691228039448983,0,0,-0.6659405362541251,2,1,19.0,0.0,1,0.0,Young Adult,,0,0,1.327,1,0.3803680981595092
1,2,0,-0.11493295055742946,0,0,-0.4301394409360587,1,1,28.0,12.35,1,12.35,Young Adult,Low,0,0,0.6,0,0.38976377952755903
1,1,1,-2.0833175316388357,1,2,2.2276348479930776,2,0,0.92,151.55,4,37.8875,Child,Very High,0,0,0.727,0,0.660377358490566
1,1,0,-0.11493295055742946,0,0,1.4511771635419677,0,1,28.0,110.8833,1,110.8833,Young Adult,Very High,0,0,0.3,0,0.38976377952755903
1,1,0,-0.9144983269198913,1,0,1.4133096078865568,0,0,17.0,108.9,2,54.45,Teen,Very High,0,0,0.3,0,0.3803680981595092
0,2,1,0.03044257241756362,1,0,-0.20770358988703264,0,0,30.0,24.0,2,12.0,Young Adult,Medium,0,0,1.027,1,0.38976377952755903
1,1,0,0.03044257241756362,0,0,0.42102041237593657,0,1,30.0,56.9292,1,56.9292,Young Adult,High,0,0,0.3,0,0.38976377952755903
1,1,0,-0.4056839965074156,0,0,0.9218180244574825,0,1,24.0,83.1583,1,83.1583,Young Adult,High,0,0,0.3,0,0.3803680981595092
1,1,0,-0.8418105654323949,2,2,4.343639413873619,0,0,18.0,262.375,5,52.475,Teen,Very High,0,0,0.3,0,0.3803680981595092
0,2,0,-0.26030847353242254,1,1,-0.16951717768977492,2,0,26.0,26.0,3,8.666666666666666,Young Adult,Medium,0,0,0.6,1,0.38976377952755903
0,2,1,0.9753834717550186,1,1,-0.1647438761651177,2,0,43.0,26.25,3,8.75,Adult,Medium,0,0,1.027,1,0.34782608695652173
1,3,0,-0.26030847353242254,0,0,-0.5159786769142743,2,1,26.0,7.8542,1,7.8542,Young Adult,Very Low,0,0,0.8999999999999999,0,0.38976377952755903
1,2,0,-0.4056839965074156,1,0,-0.16951717768977492,2,0,24.0,26.0,2,13.0,Young Adult,Medium,0,0,0.6,0,0.3803680981595092
0,2,1,1.7749488481174804,0,0,-0.39863565087332115,2,1,54.0,14.0,1,14.0,Adult,Low,1,0,1.027,1,0.45454545454545453
1,1,0,0.10313033390506016,0,2,2.481893345646688,2,0,31.0,164.8667,3,54.95556666666667,Young Adult,Very High,0,0,0.3,0,0.38976377952755903
1,1,0,0.757320187292529,1,1,1.9020956840114553,0,0,40.0,134.5,3,44.833333333333336,Adult,Very High,0,0,0.3,0,0.45535714285714285
0,3,1,-0.18762071204492597,0,0,-0.5151843995405714,2,1,27.0,7.8958,1,7.8958,Young Adult,Very Low,0,0,1.327,1,0.38976377952755903
1,2,0,0.03044257241756362,0,0,-0.4301394409360587,1,1,30.0,12.35,1,12.35,Young Adult,Low,0,0,0.6,0,0.38976377952755903
1,2,0,-0.5510595194824087,1,1,-0.11223755939388837,2,0,22.0,29.0,3,9.666666666666666,Young Adult,Medium,0,0,0.6,0,0.3803680981595092
1,1,0,0.46656914134254285,0,0,1.9237340144830313,0,1,36.0,135.6333,1,135.6333,Adult,Very High,0,0,0.3,0,0.45535714285714285
0,3,1,2.283763178529956,0,0,-0.5468466632139276,2,1,61.0,6.2375,1,6.2375,Senior,Very Low,1,0,1.327,1,0.391304347826087
1,2,0,0.46656914134254285,0,0,-0.41772885697195,2,1,36.0,13.0,1,13.0,Adult,Low,0,0,0.6,0,0.45535714285714285
1,3,0,0.10313033390506016,1,1,-0.27405248107976793,2,0,31.0,20.525,3,6.841666666666666,Young Adult,Medium,0,0,0.8999999999999999,0,0.38976377952755903
1,1,0,-0.9871860884073879,0,1,0.44106827877949684,0,0,16.0,57.9792,2,28.9896,Teen,High,0,0,0.3,0,0.41304347826086957
1,3,0,-0.11493295055742946,2,0,-0.22202349446100428,1,0,28.0,23.25,3,7.75,Young Adult,Medium,0,0,0.8999999999999999,0,0.38976377952755903
0,1,1,1.15710287547376,0,0,-0.1217841624432028,2,1,45.5,28.5,1,28.5,Adult,Medium,0,0,0.727,1,0.34782608695652173
0,1,1,0.6119446643175359,0,1,2.264150604656705,2,0,38.0,153.4625,2,76.73125,Adult,Very High,0,0,0.727,1,0.45535714285714285
0,3,1,-0.9871860884073879,2,0,-0.3222628264788057,2,0,16.0,18.0,3,6.0,Teen,Low,0,0,1.327,1,0.41304347826086957
1,1,0,-0.11493295055742946,1,0,1.8858664588276208,2,0,28.0,133.65,2,66.825,Young Adult,Very High,0,0,0.3,0,0.38976377952755903
0,1,1,-0.042245189069932916,1,0,0.6056669899145564,2,0,29.0,66.6,2,33.3,Young Adult,High,0,0,0.727,1,0.38976377952755903
1,1,0,0.8300079487800255,0,0,1.9020956840114553,0,1,41.0,134.5,1,134.5,Adult,Very High,0,0,0.3,0,0.34782608695652173
1,3,1,1.1207589947300116,0,0,-0.5122402271601628,2,1,45.0,8.05,1,8.05,Adult,Very Low,0,0,1.327,0,0.34782608695652173
0,1,1,1.1207589947300116,0,0,0.011868280247199164,2,1,45.0,35.5,1,35.5,Adult,Medium,0,0,0.727,1,0.34782608695652173
1,2,1,-2.0048147492323394,1,1,-0.16951717768977492,2,0,2.0,26.0,3,8.666666666666666,Child,Medium,0,0,1.027,0,0.660377358490566
1,1,0,-0.4056839965074156,3,2,4.355572667685263,2,0,24.0,263.0,6,43.833333333333336,Young Adult,Very High,0,1,0.512,0,0.3803680981595092
0,2,1,-0.11493295055742946,0,0,-0.41772885697195,2,1,28.0,13.0,1,13.0,Young Adult,Low,0,0,1.027,1,0.38976377952755903
0,2,1,0.46656914134254285,0,0,-0.41772885697195,2,1,36.0,13.0,1,13.0,Adult,Low,0,0,1.027,1,0.45535714285714285
1,2,0,-0.4056839965074156,0,0,-0.41772885697195,2,1,24.0,13.0,1,13.0,Young Adult,Low,0,0,0.6,0,0.3803680981595092
1,2,0,0.757320187292529,0,0,-0.41772885697195,2,1,40.0,13.0,1,13.0,Adult,Low,0,0,0.6,0,0.45535714285714285
1,3,0,-0.11493295055742946,1,0,-0.35853991806620056,2,0,28.0,16.1,2,8.05,Young Adult,Low,0,0,0.8999999999999999,0,0.38976377952755903
1,3,1,-1.9321269877448428,1,1,-0.36235855928592636,2,0,3.0,15.9,3,5.3,Child,Low,0,0,1.327,0,0.660377358490566
0,3,1,0.902695710267522,0,0,-0.5005456384247526,2,1,42.0,8.6625,1,8.6625,Adult,Very Low,0,0,1.327,1,0.34782608695652173
0,3,1,-0.47837175799491216,0,0,-0.48980570999427386,2,1,23.0,9.225,1,9.225,Young Adult,Very Low,0,0,1.327,1,0.3803680981595092
0,1,1,-0.11493295055742946,0,0,0.0023216771978847384,2,1,28.0,35.0,1,35.0,Young Adult,Medium,0,0,0.727,1,0.38976377952755903
0,3,1,-1.0598738498948845,1,1,-0.5279119307259174,0,0,15.0,7.2292,3,2.409733333333333,Teen,Very Low,0,0,1.327,1,0.41304347826086957
0,3,1,-0.33299623501991904,1,0,-0.3260814676985315,2,0,25.0,17.8,2,8.9,Young Adult,Low,0,0,1.327,1,0.38976377952755903
1,1,0,-0.5510595194824087,0,1,0.38418579917046175,2,0,22.0,55.0,2,27.5,Young Adult,High,0,0,0.3,0,0.3803680981595092
0,2,0,0.6119446643175359,0,0,-0.41772885697195,2,1,38.0,13.0,1,13.0,Adult,Low,0,0,0.6,1,0.45535714285714285
0,3,1,0.757320187292529,1,4,-0.13324008610238014,2,0,40.0,27.9,6,4.6499999999999995,Adult,Medium,0,1,1.539,1,0.45535714285714285
0,2,1,-0.042245189069932916,1,0,-0.13666158863525438,0,0,29.0,27.7208,2,13.8604,Young Adult,Medium,0,0,1.027,1,0.38976377952755903
0,3,0,1.1207589947300116,0,1,-0.3899635166633239,0,0,45.0,14.4542,2,7.2271,Adult,Low,0,0,0.8999999999999999,1,0.34782608695652173
0,3,1,0.3938813798550463,0,0,-0.5313334332587917,2,1,35.0,7.05,1,7.05,Young Adult,Very Low,0,0,1.327,1,0.45535714285714285
0,3,1,0.03044257241756362,0,0,-0.5275147920390659,2,1,30.0,7.25,1,7.25,Young Adult,Very Low,0,0,1.327,1,0.38976377952755903
1,1,0,2.21107541704246,1,0,0.770823222667696,0,0,60.0,75.25,2,37.625,Adult,High,1,0,0.3,0,0.391304347826087
1,3,0,-0.11493295055742946,0,0,-0.5279119307259174,0,1,28.0,7.2292,1,7.2292,Young Adult,Very Low,0,0,0.8999999999999999,0,0.38976377952755903
1,1,0,-0.4056839965074156,0,0,0.6572186463808543,0,1,24.0,69.3,1,69.3,Young Adult,High,0,0,0.3,0,0.3803680981595092
1,1,1,-0.33299623501991904,1,0,0.3926192683042261,0,0,25.0,55.4417,2,27.72085,Young Adult,High,0,0,0.727,0,0.38976377952755903
0,3,1,-0.8418105654323949,1,0,-0.5419148880786518,2,0,18.0,6.4958,2,3.2479,Teen,Very Low,0,0,1.327,1,0.3803680981595092
0,3,1,-0.7691228039448983,0,0,-0.5122402271601628,2,1,19.0,8.05,1,8.05,Young Adult,Very Low,0,0,1.327,1,0.3803680981595092
0,1,1,-0.5510595194824087,0,0,1.9237340144830313,0,1,22.0,135.6333,1,135.6333,Young Adult,Very High,0,0,0.727,1,0.3803680981595092
0,3,0,-1.9321269877448428,3,1,-0.26355121772552204,2,0,3.0,21.075,5,4.215,Child,Medium,0,0,0.8999999999999999,1,0.660377358490566
1,1,0,-0.11493295055742946,1,0,0.9029634834350866,0,0,28.0,82.1708,2,41.0854,Young Adult,High,0,0,0.3,0,0.38976377952755903
1,3,0,-0.5510595194824087,0,0,-0.5275147920390659,2,1,22.0,7.25,1,7.25,Young Adult,Very Low,0,0,0.8999999999999999,0,0.3803680981595092
0,1,1,-0.18762071204492597,0,2,3.372272553605877,0,0,27.0,211.5,3,70.5,Young Adult,Very High,0,0,0.727,1,0.38976377952755903
0,3,1,-0.6964350424574017,0,0,-0.5893290467833768,0,1,20.0,4.0125,1,4.0125,Young Adult,Very Low,0,0,1.327,1,0.3803680981595092
0,3,1,-0.7691228039448983,0,0,-0.5174908588372857,2,1,19.0,7.775,1,7.775,Young Adult,Very Low,0,0,1.327,1,0.3803680981595092
1,1,0,0.902695710267522,0,0,3.6782411813364044,0,1,42.0,227.525,1,227.525,Adult,Very High,0,0,0.3,0,0.34782608695652173
1,3,0,-2.0775025107198357,0,2,-0.36538101381133925,0,0,1.0,15.7417,3,5.247233333333333,Child,Low,0,0,0.8999999999999999,0,0.660377358490566
0,3,1,0.1758180953925567,0,0,-0.5146268779224914,2,1,32.0,7.925,1,7.925,Young Adult,Very Low,0,0,1.327,1,0.38976377952755903
1,1,0,0.3938813798550463,1,0,0.32690618087457524,2,0,35.0,52.0,2,26.0,Young Adult,High,0,0,0.3,0,0.45535714285714285
0,2,1,-0.8418105654323949,0,0,0.7374101119950955,2,1,18.0,73.5,1,73.5,Teen,High,0,0,1.027,1,0.3803680981595092
0,3,1,-2.0775025107198357,5,2,0.22953082977156805,2,0,1.0,46.9,8,5.8625,Child,High,0,1,1.539,1,0.660377358490566
0,3,1,-0.11493295055742946,0,0,-0.5183653276766029,1,1,28.0,7.7292,1,7.7292,Young Adult,Very Low,0,0,1.327,1,0.38976377952755903
1,2,0,-0.9144983269198913,0,0,-0.43682206307057886,0,1,17.0,12.0,1,12.0,Teen,Low,0,0,0.6,0,0.3803680981595092
1,1,1,0.46656914134254285,1,2,1.625244195581337,2,0,36.0,120.0,4,30.0,Adult,Very High,0,0,0.727,0,0.45535714285714285
1,3,1,-0.6237472809699052,0,0,-0.5170937201504343,2,1,21.0,7.7958,1,7.7958,Young Adult,Very Low,0,0,1.327,0,0.3803680981595092
0,3,1,-0.11493295055742946,2,0,-0.5146268779224914,2,0,28.0,7.925,3,2.6416666666666666,Young Adult,Very Low,0,0,1.327,1,0.38976377952755903
1,1,0,-0.47837175799491216,1,0,1.496842384568058,0,0,23.0,113.275,2,56.6375,Young Adult,Very High,0,0,0.3,0,0.3803680981595092
1,3,0,-0.4056839965074156,0,2,-0.34708399440702326,2,0,24.0,16.7,3,5.566666666666666,Young Adult,Low,0,0,0.8999999999999999,0,0.3803680981595092
0,3,1,-0.5510595194824087,0,0,-0.5170937201504343,2,1,22.0,7.7958,1,7.7958,Young Adult,Very Low,0,0,1.327,1,0.3803680981595092
0,3,0,0.10313033390506016,0,0,-0.5159786769142743,2,1,31.0,7.8542,1,7.8542,Young Adult,Very Low,0,0,0.8999999999999999,1,0.38976377952755903
0,2,1,1.1934467562175082,0,0,-0.16951717768977492,2,1,46.0,26.0,1,26.0,Adult,Medium,0,0,1.027,1,0.34782608695652173
0,2,1,-0.47837175799491216,0,0,-0.46546187221852214,2,1,23.0,10.5,1,10.5,Young Adult,Low,0,0,1.027,1,0.3803680981595092
1,2,0,-0.11493295055742946,0,0,-0.42441147910647015,2,1,28.0,12.65,1,12.65,Young Adult,Low,0,0,0.6,0,0.38976377952755903
1,3,1,0.6846324258050325,0,0,-0.5146268779224914,2,1,39.0,7.925,1,7.925,Adult,Very Low,0,0,1.327,0,0.45535714285714285
0,3,1,-0.26030847353242254,0,0,-0.5122402271601628,2,1,26.0,8.05,1,8.05,Young Adult,Very Low,0,0,1.327,1,0.38976377952755903
0,3,0,-0.6237472809699052,1,0,-0.4783497863350966,2,0,21.0,9.825,2,4.9125,Young Adult,Very Low,0,0,0.8999999999999999,1,0.3803680981595092
0,3,1,-0.11493295055742946,1,0,-0.36331321959085777,2,0,28.0,15.85,2,7.925,Young Adult,Low,0,0,1.327,1,0.38976377952755903
0,3,0,-0.6964350424574017,0,0,-0.5005456384247526,2,1,20.0,8.6625,1,8.6625,Young Adult,Very Low,0,0,0.8999999999999999,1,0.3803680981595092
0,2,1,0.3211936183675498,1,0,-0.2649832081829192,2,0,34.0,21.0,2,10.5,Young Adult,Medium,0,0,1.027,1,0.45535714285714285
0,3,1,1.556885563654991,0,0,-0.5179681889897515,2,1,51.0,7.75,1,7.75,Adult,Very Low,1,0,1.327,1,0.45454545454545453
1,2,1,-1.9321269877448428,1,1,-0.3079429219048341,2,0,3.0,18.75,3,6.25,Child,Low,0,0,1.027,0,0.660377358490566
0,3,1,-0.6237472809699052,0,0,-0.5174908588372857,2,1,21.0,7.775,1,7.775,Young Adult,Very Low,0,0,1.327,1,0.3803680981595092
0,3,1,-0.11493295055742946,0,0,-0.5349936008678988,1,1,28.0,6.8583,1,6.8583,Young Adult,Very Low,0,0,1.327,1,0.38976377952755903
1,1,0,0.24850585688005322,1,0,1.0524480126224716,1,0,33.0,90.0,2,45.0,Young Adult,High,0,0,0.3,0,0.45535714285714285
1,3,1,1.048071233242515,0,0,-0.5146268779224914,2,1,44.0,7.925,1,7.925,Adult,Very Low,0,0,1.327,0,0.34782608695652173
0,3,0,-0.11493295055742946,0,0,-0.5122402271601628,2,1,28.0,8.05,1,8.05,Young Adult,Very Low,0,0,0.8999999999999999,1,0.38976377952755903
1,2,0,0.3211936183675498,1,1,-0.04541133804868739,2,0,34.0,32.5,3,10.833333333333334,Young Adult,Medium,0,0,0.6,0,0.45535714285714285
1,2,0,-0.8418105654323949,0,2,-0.41772885697195,2,0,18.0,13.0,3,4.333333333333333,Teen,Low,0,0,0.6,0,0.3803680981595092
0,3,0,-1.4233126573323671,0,2,-0.20483960897223832,2,0,10.0,24.15,3,8.049999999999999,Child,Medium,0,0,0.8999999999999999,1,0.41304347826086957
0,3,1,-0.6237472809699052,0,0,-0.5182870455315985,1,1,21.0,7.7333,1,7.7333,Young Adult,Very Low,0,0,1.327,1,0.3803680981595092
0,3,1,-0.042245189069932916,0,0,-0.5155815382274229,2,1,29.0,7.875,1,7.875,Young Adult,Very Low,0,0,1.327,1,0.38976377952755903
0,3,0,-0.11493295055742946,1,1,-0.39099836843386965,2,0,28.0,14.4,3,4.8,Young Adult,Low,0,0,0.8999999999999999,1,0.38976377952755903
0,3,1,-0.8418105654323949,1,1,-0.28001910798558943,2,0,18.0,20.2125,3,6.7375,Teen,Medium,0,0,1.327,1,0.3803680981595092
1,2,0,-0.11493295055742946,1,0,-0.16951717768977492,2,0,28.0,26.0,2,13.0,Young Adult,Medium,0,0,0.6,0,0.38976377952755903
1,2,0,-0.7691228039448983,0,0,-0.16951717768977492,2,1,19.0,26.0,1,26.0,Young Adult,Medium,0,0,0.6,0,0.3803680981595092
1,3,1,0.1758180953925567,0,0,-0.5122402271601628,2,1,32.0,8.05,1,8.05,Young Adult,Very Low,0,0,1.327,0,0.38976377952755903
1,1,1,-0.11493295055742946,0,0,-0.15901591433552906,2,1,28.0,26.55,1,26.55,Young Adult,Medium,0,0,0.727,0,0.38976377952755903
1,2,0,0.902695710267522,1,0,-0.16951717768977492,2,0,42.0,26.0,2,13.0,Adult,Medium,0,0,0.6,0,0.34782608695652173
0,3,1,-0.9144983269198913,0,0,-0.5299014428013945,2,1,17.0,7.125,1,7.125,Teen,Very Low,0,0,1.327,1,0.3803680981595092
0,1,1,1.4841978021674944,1,0,0.40136968465922773,2,0,50.0,55.9,2,27.95,Adult,High,0,0,0.727,1,0.45454545454545453
1,1,0,-1.1325616113823809,1,2,1.625244195581337,2,0,14.0,120.0,4,30.0,Teen,Very High,0,0,0.3,0,0.41304347826086957
0,3,0,-0.6237472809699052,2,2,-0.009611576613758294,2,0,21.0,34.375,5,6.875,Young Adult,Medium,0,0,0.8999999999999999,1,0.3803680981595092
1,2,0,-0.4056839965074156,2,3,-0.3079429219048341,2,0,24.0,18.75,6,3.125,Young Adult,Low,0,1,0.8119999999999999,0,0.3803680981595092
0,1,1,2.501826462992446,1,4,4.355572667685263,2,0,64.0,263.0,6,43.833333333333336,Senior,Very High,1,1,0.939,1,0.391304347826087
0,2,1,0.10313033390506016,0,0,-0.46546187221852214,2,1,31.0,10.5,1,10.5,Young Adult,Low,0,0,1.027,1,0.38976377952755903
1,2,0,1.1207589947300116,1,1,-0.1647438761651177,2,0,45.0,26.25,3,8.75,Adult,Medium,0,0,0.6,0,0.34782608695652173
0,3,1,-0.6964350424574017,0,0,-0.484555078317151,2,1,20.0,9.5,1,9.5,Young Adult,Very Low,0,0,1.327,1,0.3803680981595092
0,3,1,-0.33299623501991904,1,0,-0.5174908588372857,2,0,25.0,7.775,2,3.8875,Young Adult,Very Low,0,0,1.327,1,0.38976377952755903
1,2,0,-0.11493295055742946,0,0,-0.41772885697195,2,1,28.0,13.0,1,13.0,Young Adult,Low,0,0,0.6,0,0.38976377952755903
1,3,1,-0.11493295055742946,0,0,-0.5110469017789985,2,1,28.0,8.1125,1,8.1125,Young Adult,Very Low,0,0,1.327,0,0.38976377952755903
1,1,1,-1.8594392262573463,0,2,0.8969968565292651,2,0,4.0,81.8583,3,27.2861,Child,High,0,0,0.727,0,0.660377358490566
1,2,0,-1.2052493728698774,0,1,-0.2936230173308625,2,0,13.0,19.5,2,9.75,Teen,Low,0,0,0.6,0,0.41304347826086957
1,1,1,0.3211936183675498,0,0,-0.15901591433552906,2,1,34.0,26.55,1,26.55,Young Adult,Medium,0,0,0.727,0,0.45535714285714285
1,3,0,-1.7867514647698497,2,1,-0.2982378452449011,0,0,5.0,19.2583,4,4.814575,Child,Low,0,0,0.8999999999999999,0,0.660377358490566
1,1,1,1.6295733251424873,0,0,-0.0835977502459451,2,1,52.0,30.5,1,30.5,Adult,Medium,1,0,0.727,0,0.45454545454545453
0,2,1,0.46656914134254285,1,2,-0.13610406701717442,2,0,36.0,27.75,4,6.9375,Adult,Medium,0,0,1.027,1,0.45535714285714285
0,3,1,-0.11493295055742946,1,0,-0.28471221804463237,2,0,28.0,19.9667,2,9.98335,Young Adult,Low,0,0,1.327,1,0.38976377952755903
0,1,1,0.03044257241756362,0,0,-0.13610406701717442,0,1,30.0,27.75,1,27.75,Young Adult,Medium,0,0,0.727,1,0.38976377952755903
1,1,1,1.4115100406799979,1,0,1.03534431859932,0,0,49.0,89.1042,2,44.5521,Adult,High,0,0,0.727,0,0.45454545454545453
1,3,1,-0.042245189069932916,0,0,-0.5151843995405714,0,1,29.0,7.8958,1,7.8958,Young Adult,Very Low,0,0,1.327,0,0.38976377952755903
0,1,1,2.574514224479943,0,0,-0.15901591433552906,2,1,65.0,26.55,1,26.55,Senior,Medium,1,0,0.727,1,0.0
1,1,0,-0.11493295055742946,1,0,0.3242808650360137,2,0,28.0,51.8625,2,25.93125,Young Adult,High,0,0,0.3,0,0.38976377952755903
1,2,0,1.4841978021674944,0,0,-0.46546187221852214,2,1,50.0,10.5,1,10.5,Adult,Low,0,0,0.6,0,0.45454545454545453
1,1,1,1.3388222791925013,0,0,-0.15901591433552906,2,1,48.0,26.55,1,26.55,Adult,Medium,0,0,0.727,0,0.34782608695652173
0,3,1,0.3211936183675498,0,0,-0.5122402271601628,2,1,34.0,8.05,1,8.05,Young Adult,Very Low,0,0,1.327,1,0.45535714285714285
0,1,1,1.2661345177050047,0,0,0.06914789854308571,2,1,47.0,38.5,1,38.5,Adult,Medium,0,0,0.727,1,0.34782608695652173
0,2,1,1.3388222791925013,0,0,-0.41772885697195,2,1,48.0,13.0,1,13.0,Adult,Low,0,0,1.027,1,0.34782608695652173
0,3,1,0.6119446643175359,0,0,-0.5313334332587917,2,1,38.0,7.05,1,7.05,Adult,Very Low,0,0,1.327,1,0.45535714285714285
0,1,1,1.9203243710924736,0,0,-0.15901591433552906,2,1,56.0,26.55,1,26.55,Adult,Medium,1,0,0.727,1,0.45454545454545453
0,3,1,-0.11493295055742946,0,0,-0.5184455191422171,1,1,28.0,7.725,1,7.725,Young Adult,Very Low,0,0,1.327,1,0.38976377952755903
1,3,0,-2.09567445109171,2,1,-0.2982378452449011,0,0,0.75,19.2583,4,4.814575,Child,Low,0,0,0.8999999999999999,0,0.660377358490566
0,3,1,0.6119446643175359,0,0,-0.5005456384247526,2,1,38.0,8.6625,1,8.6625,Adult,Very Low,0,0,1.327,1,0.45535714285714285
1,2,0,0.24850585688005322,1,2,-0.13610406701717442,2,0,33.0,27.75,4,6.9375,Young Adult,Medium,0,0,0.6,0,0.45535714285714285
1,2,0,-0.47837175799491216,0,0,-0.40261276570366555,0,1,23.0,13.7917,1,13.7917,Young Adult,Low,0,0,0.6,0,0.3803680981595092
0,3,0,-0.5510595194824087,0,0,-0.4781111212588638,2,1,22.0,9.8375,1,9.8375,Young Adult,Very Low,0,0,0.8999999999999999,1,0.3803680981595092
0,1,1,-0.11493295055742946,0,0,0.32690618087457524,2,1,28.0,52.0,1,52.0,Young Adult,High,0,0,0.727,1,0.38976377952755903
0,3,1,-0.042245189069932916,1,0,-0.5314136247244059,2,0,29.0,7.0458,2,3.5229,Young Adult,Very Low,0,0,1.327,1,0.38976377952755903
0,3,1,-0.5510595194824087,0,0,-0.5223443518275572,2,1,22.0,7.5208,1,7.5208,Young Adult,Very Low,0,0,1.327,1,0.3803680981595092
1,3,0,-2.0048147492323394,0,1,-0.431332766317223,2,0,2.0,12.2875,2,6.14375,Child,Low,0,0,0.8999999999999999,0,0.660377358490566
0,3,1,-1.4960004188198637,5,2,0.22953082977156805,2,0,9.0,46.9,8,5.8625,Child,High,0,1,1.539,1,0.41304347826086957
0,3,1,1.4841978021674944,0,0,-0.5122402271601628,2,1,50.0,8.05,1,8.05,Adult,Very Low,0,0,1.327,1,0.45454545454545453
1,3,0,2.4291387015049497,0,0,-0.482884422783521,2,1,63.0,9.5875,1,9.5875,Senior,Very Low,1,0,0.8999999999999999,0,0.391304347826087
1,1,1,-0.33299623501991904,1,0,1.073053400644112,0,0,25.0,91.0792,2,45.5396,Young Adult,High,0,0,0.727,0,0.38976377952755903
1,1,0,0.3938813798550463,1,0,1.0524480126224716,2,0,35.0,90.0,2,45.0,Young Adult,High,0,0,0.3,0,0.45535714285714285
0,1,1,2.0656998940674667,0,0,-0.09887231512484819,0,1,58.0,29.7,1,29.7,Adult,Medium,1,0,0.727,1,0.391304347826087
1,3,1,-1.4960004188198637,1,1,-0.36235855928592636,2,0,9.0,15.9,3,5.3,Child,Low,0,0,1.327,0,0.41304347826086957
0,3,1,-0.6237472809699052,0,0,-0.5275147920390659,2,1,21.0,7.25,1,7.25,Young Adult,Very Low,0,0,1.327,1,0.3803680981595092
0,1,1,1.847636609604977,0,0,-0.0835977502459451,2,1,55.0,30.5,1,30.5,Adult,Medium,1,0,0.727,1,0.45454545454545453
0,1,1,3.0106407934049217,0,0,0.27925335709361726,0,1,71.0,49.5042,1,49.5042,Senior,High,1,0,0.727,1,0.0
0,3,1,-0.11493295055742946,0,0,-0.3898852345183195,0,1,28.0,14.4583,1,14.4583,Young Adult,Low,0,0,1.327,1,0.38976377952755903
1,1,0,1.7749488481174804,1,0,0.8284216975054297,0,0,54.0,78.2667,2,39.13335,Adult,High,1,0,0.3,0,0.45454545454545453
0,3,1,-0.11493295055742946,0,0,-0.37763312416482936,2,1,28.0,15.1,1,15.1,Young Adult,Low,0,0,1.327,1,0.38976377952755903
0,1,0,-0.33299623501991904,1,2,2.2276348479930776,2,0,25.0,151.55,4,37.8875,Young Adult,Very High,0,0,0.3,1,0.38976377952755903
0,3,1,-0.4056839965074156,0,0,-0.5170937201504343,2,1,24.0,7.7958,1,7.7958,Young Adult,Very Low,0,0,1.327,1,0.3803680981595092
0,3,0,-0.6237472809699052,0,0,-0.5179681889897515,1,1,21.0,7.75,1,7.75,Young Adult,Very Low,0,0,0.8999999999999999,1,0.3803680981595092
0,3,0,-0.11493295055742946,0,0,-0.5202746482864659,1,1,28.0,7.6292,1,7.6292,Young Adult,Very Low,0,0,0.8999999999999999,1,0.38976377952755903
0,3,0,0.5392569028300394,0,0,-0.482884422783521,2,1,37.0,9.5875,1,9.5875,Adult,Very Low,0,0,0.8999999999999999,1,0.45535714285714285
1,1,0,-0.9871860884073879,0,0,0.9856217912772706,2,1,16.0,86.5,1,86.5,Teen,High,0,0,0.3,0,0.41304347826086957
0,1,1,-0.8418105654323949,1,0,1.4133096078865568,0,0,18.0,108.9,2,54.45,Teen,Very High,0,0,0.727,1,0.3803680981595092
1,2,0,0.24850585688005322,0,2,-0.16951717768977492,2,0,33.0,26.0,3,8.666666666666666,Young Adult,Medium,0,0,0.6,0,0.45535714285714285
0,3,1,-0.11493295055742946,0,0,-0.23586606888251022,2,1,28.0,22.525,1,22.525,Young Adult,Medium,0,0,1.327,1,0.38976377952755903
1,3,1,-0.26030847353242254,0,0,0.41274541685279087,2,1,26.0,56.4958,1,56.4958,Young Adult,High,0,0,1.327,0,0.38976377952755903
1,3,1,-0.042245189069932916,0,0,-0.5179681889897515,1,1,29.0,7.75,1,7.75,Young Adult,Very Low,0,0,1.327,0,0.38976377952755903
1,1,1,0.46656914134254285,0,0,-0.1640278809364191,2,1,36.0,26.2875,1,26.2875,Adult,Medium,0,0,0.727,0,0.45535714285714285
1,1,0,1.7749488481174804,1,0,0.4681959060044287,0,0,54.0,59.4,2,29.7,Adult,High,1,0,0.3,0,0.45454545454545453
0,3,1,-0.4056839965074156,0,0,-0.522821681980023,2,1,24.0,7.4958,1,7.4958,Young Adult,Very Low,0,0,1.327,1,0.3803680981595092
0,1,1,1.2661345177050047,0,0,-0.016374390213892608,2,1,47.0,34.0208,1,34.0208,Adult,Medium,0,0,0.727,1,0.34782608695652173
1,2,0,0.3211936183675498,0,0,-0.46546187221852214,2,1,34.0,10.5,1,10.5,Young Adult,Low,0,0,0.6,0,0.45535714285714285
0,3,1,-0.11493295055742946,0,0,-0.20483960897223832,1,1,28.0,24.15,1,24.15,Young Adult,Medium,0,0,1.327,1,0.38976377952755903
1,2,0,0.46656914134254285,1,0,-0.16951717768977492,2,0,36.0,26.0,2,13.0,Adult,Medium,0,0,0.6,0,0.45535714285714285
0,3,1,0.1758180953925567,0,0,-0.5151843995405714,2,1,32.0,7.8958,1,7.8958,Young Adult,Very Low,0,0,1.327,1,0.38976377952755903
1,1,0,0.03044257241756362,0,0,1.1192742339676727,2,1,30.0,93.5,1,93.5,Young Adult,High,0,0,0.3,0,0.38976377952755903
1,1,0,1.048071233242515,0,1,0.44106827877949684,0,0,44.0,57.9792,2,28.9896,Adult,High,0,0,0.3,0,0.34782608695652173
0,3,1,-0.11493295055742946,0,0,-0.5279119307259174,0,1,28.0,7.2292,1,7.2292,Young Adult,Very Low,0,0,1.327,1,0.38976377952755903
0,3,1,0.7936640680362772,0,0,-0.5179681889897515,1,1,40.5,7.75,1,7.75,Adult,Very Low,0,0,1.327,1,0.34782608695652173
0,1,1,-0.11493295055742946,0,0,3.568535437734903,2,1,28.0,221.7792,1,221.7792,Young Adult,Very High,0,0,0.727,1,0.38976377952755903
0,3,1,0.6846324258050325,0,0,-0.5146268779224914,2,1,39.0,7.925,1,7.925,Adult,Very Low,0,0,1.327,1,0.45535714285714285
0,2,1,-0.47837175799491216,2,1,-0.4463686661198933,2,0,23.0,11.5,4,2.875,Young Adult,Low,0,0,1.027,1,0.3803680981595092
1,2,0,-2.0048147492323394,1,1,-0.16951717768977492,2,0,2.0,26.0,3,8.666666666666666,Child,Medium,0,0,0.6,0,0.660377358490566
0,3,1,-0.9144983269198913,1,1,-0.5279119307259174,0,0,17.0,7.2292,3,2.409733333333333,Teen,Very Low,0,0,1.327,1,0.3803680981595092
1,3,0,-0.11493295055742946,0,2,-0.23904890633915163,0,0,28.0,22.3583,3,7.452766666666666,Young Adult,Medium,0,0,0.8999999999999999,0,0.38976377952755903
0,3,0,0.03044257241756362,0,0,-0.5005456384247526,2,1,30.0,8.6625,1,8.6625,Young Adult,Very Low,0,0,0.8999999999999999,1,0.38976377952755903
1,2,0,-1.6413759417948568,0,2,-0.1647438761651177,2,0,7.0,26.25,3,8.75,Child,Medium,0,0,0.6,0,0.660377358490566
0,1,1,1.1207589947300116,0,0,-0.15901591433552906,2,1,45.0,26.55,1,26.55,Adult,Medium,0,0,0.727,1,0.34782608695652173
1,1,0,0.03044257241756362,0,0,1.3660539227924506,0,1,30.0,106.425,1,106.425,Young Adult,Very High,0,0,0.3,0,0.38976377952755903
0,3,1,-0.11493295055742946,0,0,-0.3890890478240067,2,1,28.0,14.5,1,14.5,Young Adult,Low,0,0,1.327,1,0.38976377952755903
1,1,0,-0.5510595194824087,0,2,0.2791731656280031,0,0,22.0,49.5,3,16.5,Young Adult,High,0,0,0.3,0,0.3803680981595092
1,1,0,0.46656914134254285,0,2,0.6896770967485234,2,0,36.0,71.0,3,23.666666666666668,Adult,High,0,0,0.3,0,0.45535714285714285
0,3,0,-1.4960004188198637,4,2,-0.06880051551950776,2,0,9.0,31.275,7,4.4678571428571425,Child,Medium,0,1,1.1119999999999999,1,0.41304347826086957
0,3,0,-1.3506248958448706,4,2,-0.06880051551950776,2,0,11.0,31.275,7,4.4678571428571425,Child,Medium,0,1,1.1119999999999999,1,0.41304347826086957
1,2,1,0.1758180953925567,1,0,-0.16951717768977492,2,0,32.0,26.0,2,13.0,Young Adult,Medium,0,0,1.027,0,0.38976377952755903
0,1,1,1.4841978021674944,1,0,1.3660539227924506,0,0,50.0,106.425,2,53.2125,Adult,Very High,0,0,0.727,1,0.45454545454545453
0,1,1,2.501826462992446,0,0,-0.16951717768977492,2,1,64.0,26.0,1,26.0,Senior,Medium,1,0,0.727,1,0.391304347826087
1,2,0,-0.7691228039448983,1,0,-0.16951717768977492,2,0,19.0,26.0,2,13.0,Young Adult,Medium,0,0,0.6,0,0.3803680981595092
1,2,1,-0.11493295055742946,0,0,-0.4012609667118826,0,1,28.0,13.8625,1,13.8625,Young Adult,Low,0,0,1.027,0,0.38976377952755903
0,3,1,0.24850585688005322,1,1,-0.27405248107976793,2,0,33.0,20.525,3,6.841666666666666,Young Adult,Medium,0,0,1.327,1,0.45535714285714285
1,2,1,-1.5686881803073602,1,1,0.03573478787048523,2,0,8.0,36.75,3,12.25,Child,Medium,0,0,1.027,0,0.660377358490566
1,1,1,-0.9144983269198913,0,2,1.4511771635419677,0,0,17.0,110.8833,3,36.9611,Teen,Very High,0,0,0.727,0,0.3803680981595092
0,2,1,-0.18762071204492597,0,0,-0.16951717768977492,2,1,27.0,26.0,1,26.0,Young Adult,Medium,0,0,1.027,1,0.38976377952755903
0,3,1,-0.11493295055742946,0,0,-0.5164560070667401,1,1,28.0,7.8292,1,7.8292,Young Adult,Very Low,0,0,1.327,1,0.38976377952755903
1,3,1,-0.5510595194824087,0,0,-0.5279921221915316,0,1,22.0,7.225,1,7.225,Young Adult,Very Low,0,0,1.327,0,0.3803680981595092
1,3,0,-0.5510595194824087,0,0,-0.5174908588372857,2,1,22.0,7.775,1,7.775,Young Adult,Very Low,0,0,0.8999999999999999,0,0.3803680981595092
1,1,0,1.3388222791925013,1,0,0.09015042525157749,0,0,48.0,39.6,2,19.8,Adult,Medium,0,0,0.3,0,0.34782608695652173
0,1,1,-0.11493295055742946,0,0,3.6782411813364044,0,1,28.0,227.525,1,227.525,Young Adult,Very High,0,0,0.727,1,0.38976377952755903
1,1,0,0.6846324258050325,1,1,0.8548333295016631,2,0,39.0,79.65,3,26.55,Adult,High,0,0,0.3,0,0.45535714285714285
1,3,0,0.46656914134254285,1,0,-0.3337187501379831,2,0,36.0,17.4,2,8.7,Adult,Low,0,0,0.8999999999999999,0,0.45535714285714285
0,3,1,0.757320187292529,0,0,-0.5151843995405714,2,1,40.0,7.8958,1,7.8958,Adult,Very Low,0,0,1.327,1,0.45535714285714285
0,2,1,-0.11493295055742946,0,0,-0.4081822539226356,2,1,28.0,13.5,1,13.5,Young Adult,Low,0,0,1.027,1,0.38976377952755903
0,3,1,-0.4056839965074156,2,0,-0.20483960897223832,2,0,24.0,24.15,3,8.049999999999999,Young Adult,Medium,0,0,1.327,1,0.3803680981595092
0,3,1,-0.7691228039448983,0,0,-0.5151843995405714,2,1,19.0,7.8958,1,7.8958,Young Adult,Very Low,0,0,1.327,1,0.3803680981595092
0,3,0,-0.042245189069932916,0,4,-0.26355121772552204,2,0,29.0,21.075,5,4.215,Young Adult,Medium,0,0,0.8999999999999999,1,0.38976377952755903
1,3,1,0.1758180953925567,0,0,-0.5159786769142743,2,1,32.0,7.8542,1,7.8542,Young Adult,Very Low,0,0,1.327,0,0.38976377952755903
1,2,1,2.356450940017453,0,0,-0.46546187221852214,2,1,62.0,10.5,1,10.5,Senior,Low,1,0,1.027,0,0.391304347826087
1,1,0,1.7022610866299839,2,0,0.31696243913840927,2,0,53.0,51.4792,3,17.15973333333333,Adult,High,1,0,0.3,0,0.45454545454545453
1,1,1,0.46656914134254285,0,0,-0.16211856032655625,2,1,36.0,26.3875,1,26.3875,Adult,Medium,0,0,0.727,0,0.45535714285714285
0,3,1,-0.9871860884073879,0,0,-0.5122402271601628,2,1,16.0,8.05,1,8.05,Teen,Very Low,0,0,1.327,1,0.41304347826086957
0,3,1,-0.7691228039448983,0,0,-0.3890890478240067,2,1,19.0,14.5,1,14.5,Young Adult,Low,0,0,1.327,1,0.3803680981595092
1,2,0,0.3211936183675498,0,0,-0.41772885697195,2,1,34.0,13.0,1,13.0,Young Adult,Low,0,0,0.6,0,0.45535714285714285
1,1,0,0.6846324258050325,1,0,0.40136968465922773,2,0,39.0,55.9,2,27.95,Adult,High,0,0,0.3,0,0.45535714285714285
0,3,0,-0.11493295055742946,1,0,-0.3898852345183195,0,0,28.0,14.4583,2,7.22915,Young Adult,Low,0,0,0.8999999999999999,1,0.38976377952755903
1,3,1,0.1758180953925567,0,0,-0.5146268779224914,2,1,32.0,7.925,1,7.925,Young Adult,Very Low,0,0,1.327,0,0.38976377952755903
1,2,0,-0.33299623501991904,1,1,-0.09314435329525952,2,0,25.0,30.0,3,10.0,Young Adult,Medium,0,0,0.6,0,0.38976377952755903
1,1,0,0.6846324258050325,1,1,1.4511771635419677,0,0,39.0,110.8833,3,36.9611,Adult,Very High,0,0,0.3,0,0.45535714285714285
0,2,1,1.7749488481174804,0,0,-0.16951717768977492,2,1,54.0,26.0,1,26.0,Adult,Medium,1,0,1.027,1,0.45454545454545453
0,1,1,0.46656914134254285,0,0,0.1001743584533576,0,1,36.0,40.125,1,40.125,Adult,High,0,0,0.727,1,0.45535714285714285
0,3,1,-0.11493295055742946,0,0,-0.4995909781198212,0,1,28.0,8.7125,1,8.7125,Young Adult,Very Low,0,0,1.327,1,0.38976377952755903
1,1,0,-0.8418105654323949,0,2,0.8548333295016631,2,0,18.0,79.65,3,26.55,Teen,High,0,0,0.3,0,0.3803680981595092
0,2,1,1.2661345177050047,0,0,-0.3795424447746923,2,1,47.0,15.0,1,15.0,Adult,Low,0,0,1.027,1,0.34782608695652173
1,1,1,2.21107541704246,1,1,0.84624138675728,0,0,60.0,79.2,3,26.400000000000002,Adult,High,1,0,0.727,0,0.391304347826087
0,3,1,0.3938813798550463,0,0,-0.5299014428013945,2,1,35.0,7.125,1,7.125,Young Adult,Very Low,0,0,1.327,1,0.45535714285714285
1,1,0,1.6295733251424873,1,0,0.8284216975054297,0,0,52.0,78.2667,2,39.13335,Adult,High,1,0,0.3,0,0.45454545454545453
0,3,1,1.2661345177050047,0,0,-0.5275147920390659,2,1,47.0,7.25,1,7.25,Adult,Very Low,0,0,1.327,1,0.34782608695652173
0,3,0,-0.11493295055742946,0,2,-0.5179681889897515,1,0,28.0,7.75,3,2.5833333333333335,Young Adult,Very Low,0,0,0.8999999999999999,1,0.38976377952755903
0,2,1,0.5392569028300394,1,0,-0.16951717768977492,2,0,37.0,26.0,2,13.0,Adult,Medium,0,0,1.027,1,0.45535714285714285
0,3,1,0.46656914134254285,1,1,-0.20483960897223832,2,0,36.0,24.15,3,8.049999999999999,Adult,Medium,0,0,1.327,1,0.45535714285714285
1,2,0,-0.11493295055742946,0,0,-0.03586473499937297,2,1,28.0,33.0,1,33.0,Young Adult,Medium,0,0,0.6,0,0.38976377952755903
0,3,1,1.4115100406799979,0,0,-0.6659405362541251,2,1,49.0,0.0,1,0.0,Adult,,0,0,1.327,1,0.45454545454545453
1,1,1,1.4115100406799979,1,0,0.42102041237593657,0,0,49.0,56.9292,2,28.4646,Adult,High,0,0,0.727,0,0.45454545454545453
1,2,0,-0.4056839965074156,2,1,-0.15042397159114607,2,0,24.0,27.0,4,6.75,Young Adult,Medium,0,0,0.6,0,0.3803680981595092
0,1,1,-0.11493295055742946,0,0,0.14361140232773822,2,1,28.0,42.4,1,42.4,Young Adult,High,0,0,0.727,1,0.38976377952755903
0,3,1,1.048071233242515,0,0,-0.5122402271601628,2,1,44.0,8.05,1,8.05,Adult,Very Low,0,0,1.327,1,0.34782608695652173
1,1,1,0.3938813798550463,0,0,-0.15901591433552906,0,1,35.0,26.55,1,26.55,Young Adult,Medium,0,0,0.727,0,0.45535714285714285
0,3,1,0.46656914134254285,1,0,-0.3690411814204464,2,0,36.0,15.55,2,7.775,Adult,Low,0,0,1.327,1,0.45535714285714285
0,3,1,0.03044257241756362,0,0,-0.5151843995405714,2,1,30.0,7.8958,1,7.8958,Young Adult,Very Low,0,0,1.327,1,0.38976377952755903
1,1,1,-0.18762071204492597,0,0,-0.0835977502459451,2,1,27.0,30.5,1,30.5,Young Adult,Medium,0,0,0.727,0,0.38976377952755903
1,2,0,-0.5510595194824087,1,2,0.1279396987619837,0,0,22.0,41.5792,4,10.3948,Young Adult,High,0,0,0.6,0,0.3803680981595092
1,1,0,0.757320187292529,0,0,2.264150604656705,2,1,40.0,153.4625,1,153.4625,Adult,Very High,0,0,0.3,0,0.45535714285714285
0,3,0,0.6846324258050325,1,5,-0.06880051551950776,2,0,39.0,31.275,7,4.4678571428571425,Adult,Medium,0,1,1.1119999999999999,1,0.45535714285714285
0,3,1,-0.11493295055742946,0,0,-0.5313334332587917,2,1,28.0,7.05,1,7.05,Young Adult,Very Low,0,0,1.327,1,0.38976377952755903
1,2,0,-0.4056839965074156,1,2,0.5751178601567503,2,0,24.0,65.0,4,16.25,Young Adult,High,0,0,0.6,0,0.3803680981595092
0,3,1,0.3211936183675498,1,1,-0.39099836843386965,2,0,34.0,14.4,3,4.8,Young Adult,Low,0,0,1.327,1,0.45535714285714285
0,3,0,-0.26030847353242254,1,0,-0.35853991806620056,2,0,26.0,16.1,2,8.05,Young Adult,Low,0,0,0.8999999999999999,1,0.38976377952755903
1,2,0,-1.8594392262573463,2,1,0.07869450159240014,2,0,4.0,39.0,4,9.75,Child,Medium,0,0,0.6,0,0.660377358490566
0,2,1,-0.26030847353242254,0,0,-0.46546187221852214,2,1,26.0,10.5,1,10.5,Young Adult,Low,0,0,1.027,1,0.38976377952755903
0,3,1,-0.18762071204492597,1,0,-0.3899635166633239,0,0,27.0,14.4542,2,7.2271,Young Adult,Low,0,0,1.327,1,0.38976377952755903
1,1,1,0.902695710267522,1,0,0.33748763569443535,2,0,42.0,52.5542,2,26.2771,Adult,High,0,0,0.727,0,0.34782608695652173
1,3,1,-0.6964350424574017,1,1,-0.36538101381133925,0,0,20.0,15.7417,3,5.247233333333333,Young Adult,Low,0,0,1.327,0,0.3803680981595092
0,3,1,-0.6237472809699052,0,0,-0.5159786769142743,2,1,21.0,7.8542,1,7.8542,Young Adult,Very Low,0,0,1.327,1,0.3803680981595092
0,3,1,-0.6237472809699052,0,0,-0.35853991806620056,2,1,21.0,16.1,1,16.1,Young Adult,Low,0,0,1.327,1,0.3803680981595092
0,1,1,2.283763178529956,0,0,-0.04883284058156171,2,1,61.0,32.3208,1,32.3208,Senior,Medium,1,0,0.727,1,0.391304347826087
0,2,1,1.9930121325799701,0,0,-0.4301394409360587,1,1,57.0,12.35,1,12.35,Adult,Low,1,0,1.027,1,0.391304347826087
1,1,0,-0.6237472809699052,0,0,0.8225333527446125,2,1,21.0,77.9583,1,77.9583,Young Adult,High,0,0,0.3,0,0.3803680981595092
0,3,1,-0.26030847353242254,0,0,-0.5151843995405714,2,1,26.0,7.8958,1,7.8958,Young Adult,Very Low,0,0,1.327,1,0.38976377952755903
0,3,1,-0.11493295055742946,0,0,-0.5182870455315985,1,1,28.0,7.7333,1,7.7333,Young Adult,Very Low,0,0,1.327,1,0.38976377952755903
1,1,1,3.6648306467923906,0,0,-0.09314435329525952,2,1,80.0,30.0,1,30.0,Senior,Medium,1,0,0.727,0,0.5
0,3,1,1.556885563654991,0,0,-0.5312532417931773,2,1,51.0,7.0542,1,7.0542,Adult,Very Low,1,0,1.327,1,0.45454545454545453
1,1,1,0.1758180953925567,0,0,-0.0835977502459451,0,1,32.0,30.5,1,30.5,Young Adult,Medium,0,0,0.727,0,0.38976377952755903
0,1,1,-0.11493295055742946,0,0,-0.6659405362541251,2,1,28.0,0.0,1,0.0,Young Adult,,0,0,0.727,1,0.38976377952755903
0,3,0,-1.4960004188198637,3,2,-0.13324008610238014,2,0,9.0,27.9,6,4.6499999999999995,Child,Medium,0,1,1.1119999999999999,1,0.41304347826086957
0,2,1,0.10313033390506016,1,1,-0.1647438761651177,2,0,31.0,26.25,3,8.75,Young Adult,Medium,0,0,1.027,1,0.38976377952755903
0,3,0,0.8300079487800255,0,5,0.09182108078520748,2,0,41.0,39.6875,6,6.614583333333333,Adult,Medium,0,1,1.1119999999999999,1,0.34782608695652173
0,3,1,-0.11493295055742946,1,0,-0.35853991806620056,2,0,28.0,16.1,2,8.05,Young Adult,Low,0,0,1.327,1,0.38976377952755903
0,3,0,-2.0048147492323394,3,2,-0.13324008610238014,2,0,2.0,27.9,6,4.6499999999999995,Child,Medium,0,1,1.1119999999999999,1,0.660377358490566
1,3,1,-0.11493295055742946,0,0,0.41274541685279087,2,1,28.0,56.4958,1,56.4958,Young Adult,High,0,0,1.327,0,0.38976377952755903
1,1,1,1.3388222791925013,1,0,0.799065893128788,0,0,48.0,76.7292,2,38.3646,Adult,High,0,0,0.727,0,0.34782608695652173
1,1,1,1.9203243710924736,0,0,0.011868280247199164,0,1,56.0,35.5,1,35.5,Adult,Medium,1,0,0.727,0,0.45454545454545453
0,3,1,-0.11493295055742946,0,0,-0.5217868302094772,2,1,28.0,7.55,1,7.55,Young Adult,Very Low,0,0,1.327,1,0.38976377952755903
1,3,0,-0.47837175799491216,0,0,-0.5217868302094772,2,1,23.0,7.55,1,7.55,Young Adult,Very Low,0,0,0.8999999999999999,0,0.3803680981595092
1,2,0,-0.8418105654323949,0,1,-0.2267967959856615,2,0,18.0,23.0,2,11.5,Teen,Medium,0,0,0.6,0,0.3803680981595092
0,3,1,-0.6237472809699052,0,0,-0.5049218012625584,2,1,21.0,8.4333,1,8.4333,Young Adult,Very Low,0,0,1.327,1,0.3803680981595092
1,3,0,-0.11493295055742946,0,0,-0.5164560070667401,1,1,28.0,7.8292,1,7.8292,Young Adult,Very Low,0,0,0.8999999999999999,0,0.38976377952755903
0,3,0,-0.8418105654323949,0,0,-0.5370613950883804,1,1,18.0,6.75,1,6.75,Teen,Very Low,0,0,0.8999999999999999,1,0.3803680981595092
0,2,1,-0.4056839965074156,2,0,0.7374101119950955,2,0,24.0,73.5,3,24.5,Young Adult,High,0,0,1.027,1,0.3803680981595092
0,3,0,0.1758180953925567,1,1,-0.36999584172537786,1,0,32.0,15.5,3,5.166666666666667,Young Adult,Low,0,0,0.8999999999999999,1,0.38976377952755903
0,2,1,-0.47837175799491216,0,0,-0.41772885697195,2,1,23.0,13.0,1,13.0,Young Adult,Low,0,0,1.027,1,0.3803680981595092
0,1,1,2.0656998940674667,0,2,1.496842384568058,0,0,58.0,113.275,3,37.75833333333333,Adult,Very High,1,0,0.727,1,0.391304347826087
1,1,1,1.4841978021674944,2,0,1.8858664588276208,2,0,50.0,133.65,3,44.550000000000004,Adult,Very High,0,0,0.727,0,0.45454545454545453
0,3,1,0.757320187292529,0,0,-0.5279921221915316,0,1,40.0,7.225,1,7.225,Adult,Very Low,0,0,1.327,1,0.45535714285714285
0,1,1,1.2661345177050047,0,0,-0.17739312520545936,2,1,47.0,25.5875,1,25.5875,Adult,Medium,0,0,0.727,1,0.34782608695652173
0,3,1,0.46656914134254285,0,0,-0.522821681980023,2,1,36.0,7.4958,1,7.4958,Adult,Very Low,0,0,1.327,1,0.45535714285714285
1,3,1,-0.6964350424574017,1,0,-0.5146268779224914,2,0,20.0,7.925,2,3.9625,Young Adult,Very Low,0,0,1.327,0,0.3803680981595092
0,2,1,0.1758180953925567,2,0,0.7374101119950955,2,0,32.0,73.5,3,24.5,Young Adult,High,0,0,1.027,1,0.38976377952755903
0,3,1,-0.11493295055742946,0,0,-0.5174908588372857,2,1,28.0,7.775,1,7.775,Young Adult,Very Low,0,0,1.327,1,0.38976377952755903
0,3,1,0.9753834717550186,0,0,-0.5122402271601628,2,1,43.0,8.05,1,8.05,Adult,Very Low,0,0,1.327,1,0.34782608695652173
1,1,0,-0.11493295055742946,1,0,0.32690618087457524,2,0,28.0,52.0,2,26.0,Young Adult,High,0,0,0.3,0,0.38976377952755903
1,2,0,0.757320187292529,1,1,0.07869450159240014,2,0,40.0,39.0,3,13.0,Adult,Medium,0,0,0.6,0,0.45535714285714285
0,1,1,0.10313033390506016,1,0,0.32690618087457524,2,0,31.0,52.0,2,26.0,Young Adult,High,0,0,0.727,1,0.38976377952755903
0,2,1,2.9379530319174254,0,0,-0.46546187221852214,2,1,70.0,10.5,1,10.5,Senior,Low,1,0,1.027,1,0.0
1,2,1,0.10313033390506016,0,0,-0.41772885697195,2,1,31.0,13.0,1,13.0,Young Adult,Low,0,0,1.027,0,0.38976377952755903
0,3,1,-0.8418105654323949,0,0,-0.5174908588372857,2,1,18.0,7.775,1,7.775,Teen,Very Low,0,0,1.327,1,0.3803680981595092
0,3,1,-0.3693401157636673,0,0,-0.5122402271601628,2,1,24.5,8.05,1,8.05,Young Adult,Very Low,0,0,1.327,1,0.38976377952755903
1,3,0,-0.8418105654323949,0,0,-0.4780309297932495,2,1,18.0,9.8417,1,9.8417,Teen,Very Low,0,0,0.8999999999999999,0,0.3803680981595092
0,3,0,0.9753834717550186,1,6,0.22953082977156805,2,0,43.0,46.9,8,5.8625,Adult,High,0,1,1.1119999999999999,1,0.34782608695652173
1,1,1,0.46656914134254285,0,1,9.116066469691516,0,0,36.0,512.3292,2,256.1646,Adult,Very High,0,0,0.727,0,0.45535714285714285
0,3,0,-0.11493295055742946,0,0,-0.5105695716265328,1,1,28.0,8.1375,1,8.1375,Young Adult,Very Low,0,0,0.8999999999999999,1,0.38976377952755903
1,1,1,-0.18762071204492597,0,0,0.799065893128788,0,1,27.0,76.7292,1,76.7292,Young Adult,High,0,0,0.727,0,0.38976377952755903
0,3,1,-0.6964350424574017,0,0,-0.48980570999427386,2,1,20.0,9.225,1,9.225,Young Adult,Very Low,0,0,1.327,1,0.3803680981595092
0,3,1,-1.1325616113823809,5,2,0.22953082977156805,2,0,14.0,46.9,8,5.8625,Teen,High,0,1,1.539,1,0.41304347826086957
0,2,1,2.21107541704246,1,1,0.07869450159240014,2,0,60.0,39.0,3,13.0,Adult,Medium,1,0,1.027,1,0.391304347826087
0,2,1,-0.33299623501991904,1,2,0.1279396987619837,0,0,25.0,41.5792,4,10.3948,Young Adult,High,0,0,1.027,1,0.38976377952755903
0,3,1,-1.1325616113823809,4,1,0.09182108078520748,2,0,14.0,39.6875,6,6.614583333333333,Teen,Medium,0,1,1.539,1,0.41304347826086957
0,3,1,-0.7691228039448983,0,0,-0.47174735566619075,2,1,19.0,10.1708,1,10.1708,Young Adult,Low,0,0,1.327,1,0.3803680981595092
0,3,1,-0.8418105654323949,0,0,-0.5170937201504343,2,1,18.0,7.7958,1,7.7958,Teen,Very Low,0,0,1.327,1,0.3803680981595092
1,1,0,-1.0598738498948845,0,1,3.36916990761485,2,0,15.0,211.3375,2,105.66875,Teen,Very High,0,0,0.3,0,0.41304347826086957
1,1,1,0.10313033390506016,1,0,0.42237221136771946,2,0,31.0,57.0,2,28.5,Young Adult,High,0,0,0.727,0,0.38976377952755903
1,3,0,-1.8594392262573463,0,1,-0.4097727179906514,0,0,4.0,13.4167,2,6.70835,Child,Low,0,0,0.8999999999999999,0,0.660377358490566
0,3,1,-0.33299623501991904,0,0,-0.5279921221915316,0,1,25.0,7.225,1,7.225,Young Adult,Very Low,0,0,1.327,1,0.38976377952755903
0,1,1,2.21107541704246,0,0,-0.15901591433552906,2,1,60.0,26.55,1,26.55,Adult,Medium,1,0,0.727,1,0.391304347826087
0,2,1,1.6295733251424873,0,0,-0.4081822539226356,2,1,52.0,13.5,1,13.5,Adult,Low,1,0,1.027,1,0.45454545454545453
1,3,0,-0.11493295055742946,0,0,-0.5182870455315985,1,1,28.0,7.7333,1,7.7333,Young Adult,Very Low,0,0,0.8999999999999999,0,0.38976377952755903
0,1,1,1.4115100406799979,1,1,1.4511771635419677,0,0,49.0,110.8833,3,36.9611,Adult,Very High,0,0,0.727,1,0.45454545454545453
0,3,1,0.902695710267522,0,0,-0.5198775095996144,2,1,42.0,7.65,1,7.65,Adult,Very Low,0,0,1.327,1,0.34782608695652173
1,1,0,-0.8418105654323949,1,0,3.6782411813364044,0,0,18.0,227.525,2,113.7625,Teen,Very High,0,0,0.3,0,0.3803680981595092
1,1,1,0.3938813798550463,0,0,-0.1640278809364191,2,1,35.0,26.2875,1,26.2875,Young Adult,Medium,0,0,0.727,0,0.45535714285714285
0,3,0,-0.8418105654323949,0,1,-0.3899635166633239,0,0,18.0,14.4542,2,7.2271,Teen,Low,0,0,0.8999999999999999,1,0.3803680981595092
0,3,1,-0.33299623501991904,0,0,-0.5181266626003701,1,1,25.0,7.7417,1,7.7417,Young Adult,Very Low,0,0,1.327,1,0.38976377952755903
0,3,1,-0.26030847353242254,1,0,-0.5159786769142743,2,0,26.0,7.8542,2,3.9271,Young Adult,Very Low,0,0,1.327,1,0.38976377952755903
0,2,1,0.6846324258050325,0,0,-0.16951717768977492,2,1,39.0,26.0,1,26.0,Adult,Medium,0,0,1.027,1,0.45535714285714285
1,2,0,1.1207589947300116,0,0,-0.4081822539226356,2,1,45.0,13.5,1,13.5,Adult,Low,0,0,0.6,0,0.34782608695652173
1,1,1,0.902695710267522,0,0,-0.1640278809364191,2,1,42.0,26.2875,1,26.2875,Adult,Medium,0,0,0.727,0,0.34782608695652173
1,1,0,-0.5510595194824087,0,0,2.2276348479930776,2,1,22.0,151.55,1,151.55,Young Adult,Very High,0,0,0.3,0,0.3803680981595092
1,1,0,-0.4056839965074156,0,0,0.27925335709361726,0,1,24.0,49.5042,1,49.5042,Young Adult,High,0,0,0.3,0,0.3803680981595092
0,1,1,-0.11493295055742946,0,0,-0.15901591433552906,2,1,28.0,26.55,1,26.55,Young Adult,Medium,0,0,0.727,1,0.38976377952755903
1,1,1,1.3388222791925013,1,0,0.32690618087457524,2,0,48.0,52.0,2,26.0,Adult,High,0,0,0.727,0,0.34782608695652173
0,3,1,-0.042245189069932916,0,0,-0.4848739348589981,2,1,29.0,9.4833,1,9.4833,Young Adult,Very Low,0,0,1.327,1,0.38976377952755903
0,2,1,1.6295733251424873,0,0,-0.41772885697195,2,1,52.0,13.0,1,13.0,Adult,Low,1,0,1.027,1,0.45454545454545453
0,3,1,-0.7691228039448983,0,0,-0.5198775095996144,2,1,19.0,7.65,1,7.65,Young Adult,Very Low,0,0,1.327,1,0.3803680981595092
1,1,0,0.6119446643175359,0,0,3.6782411813364044,0,1,38.0,227.525,1,227.525,Adult,Very High,0,0,0.3,0,0.45535714285714285
1,2,0,-0.18762071204492597,0,0,-0.46546187221852214,2,1,27.0,10.5,1,10.5,Young Adult,Low,0,0,0.6,0,0.38976377952755903
0,3,1,-0.11493295055742946,0,0,-0.36999584172537786,1,1,28.0,15.5,1,15.5,Young Adult,Low,0,0,1.327,1,0.38976377952755903
0,3,1,0.24850585688005322,0,0,-0.5174908588372857,2,1,33.0,7.775,1,7.775,Young Adult,Very Low,0,0,1.327,1,0.45535714285714285
1,2,0,-1.7140637032823534,0,1,-0.03586473499937297,2,0,6.0,33.0,2,16.5,Child,Medium,0,0,0.6,0,0.660377358490566
0,3,1,-0.9144983269198913,1,0,-0.5312532417931773,2,0,17.0,7.0542,2,3.5271,Teen,Very Low,0,0,1.327,1,0.3803680981595092
0,2,1,0.3211936183675498,0,0,-0.41772885697195,2,1,34.0,13.0,1,13.0,Young Adult,Low,0,0,1.027,1,0.45535714285714285
0,2,1,1.4841978021674944,0,0,-0.41772885697195,2,1,50.0,13.0,1,13.0,Adult,Low,0,0,1.027,1,0.45454545454545453
1,1,1,-0.18762071204492597,1,0,0.34790870758306697,2,0,27.0,53.1,2,26.55,Young Adult,High,0,0,0.727,0,0.38976377952755903
0,3,1,-0.6964350424574017,0,0,-0.5005456384247526,2,1,20.0,8.6625,1,8.6625,Young Adult,Very Low,0,0,1.327,1,0.3803680981595092
1,2,0,0.03044257241756362,3,0,-0.2649832081829192,2,0,30.0,21.0,4,5.25,Young Adult,Medium,0,0,0.6,0,0.38976377952755903
1,3,0,-0.11493295055742946,0,0,-0.5182068540659843,1,1,28.0,7.7375,1,7.7375,Young Adult,Very Low,0,0,0.8999999999999999,0,0.38976377952755903
0,2,1,-0.33299623501991904,1,0,-0.16951717768977492,2,0,25.0,26.0,2,13.0,Young Adult,Medium,0,0,1.027,1,0.38976377952755903
0,3,0,-0.33299623501991904,1,0,-0.5146268779224914,2,0,25.0,7.925,2,3.9625,Young Adult,Very Low,0,0,0.8999999999999999,1,0.38976377952755903
1,1,0,-0.042245189069932916,0,0,3.36916990761485,2,1,29.0,211.3375,1,211.3375,Young Adult,Very High,0,0,0.3,0,0.38976377952755903
0,3,1,-1.3506248958448706,0,0,-0.3072269266761355,0,1,11.0,18.7875,1,18.7875,Child,Low,0,0,1.327,1,0.41304347826086957
0,3,1,-0.07858906981368119,0,0,-0.35853991806620056,2,1,28.5,16.1,1,16.1,Young Adult,Low,0,0,1.327,1,0.38976377952755903
0,3,0,1.3388222791925013,1,3,-0.009611576613758294,2,0,48.0,34.375,5,6.875,Adult,Medium,0,0,0.8999999999999999,1,0.34782608695652173
1,1,1,0.3938813798550463,0,0,9.116066469691516,0,1,35.0,512.3292,1,512.3292,Young Adult,Very High,0,0,0.727,0,0.45535714285714285
1,1,1,-0.11493295055742946,0,0,-0.09314435329525952,2,1,28.0,30.0,1,30.0,Young Adult,Medium,0,0,0.727,0,0.38976377952755903
0,1,1,0.46656914134254285,1,0,0.8395587646227598,2,0,36.0,78.85,2,39.425,Adult,High,0,0,0.727,1,0.45535714285714285
1,1,0,-0.6237472809699052,2,2,4.343639413873619,0,0,21.0,262.375,5,52.475,Young Adult,Very High,0,0,0.3,0,0.3803680981595092
0,3,1,-0.4056839965074156,1,0,-0.35853991806620056,2,0,24.0,16.1,2,8.05,Young Adult,Low,0,0,1.327,1,0.3803680981595092
1,3,1,0.10313033390506016,0,0,-0.5146268779224914,2,1,31.0,7.925,1,7.925,Young Adult,Very Low,0,0,1.327,0,0.38976377952755903
0,1,1,2.9379530319174254,1,1,0.6896770967485234,2,0,70.0,71.0,3,23.666666666666668,Senior,High,1,0,0.727,1,0.0
0,3,1,-0.9871860884073879,1,1,-0.27930311275689085,2,0,16.0,20.25,3,6.75,Teen,Medium,0,0,1.327,1,0.41304347826086957
1,2,0,0.03044257241756362,0,0,-0.41772885697195,2,1,30.0,13.0,1,13.0,Young Adult,Low,0,0,0.6,0,0.38976377952755903
0,1,1,-0.7691228039448983,1,0,0.34790870758306697,2,0,19.0,53.1,2,26.55,Young Adult,High,0,0,0.727,1,0.3803680981595092
0,3,1,0.10313033390506016,0,0,-0.5179681889897515,1,1,31.0,7.75,1,7.75,Young Adult,Very Low,0,0,1.327,1,0.38976377952755903
1,2,0,-1.8594392262573463,1,1,-0.2267967959856615,2,0,4.0,23.0,3,7.666666666666667,Child,Medium,0,0,0.6,0,0.660377358490566
1,3,1,-1.7140637032823534,0,1,-0.42775279017373014,2,0,6.0,12.475,2,6.2375,Child,Low,0,0,1.327,0,0.660377358490566
0,3,1,0.24850585688005322,0,0,-0.484555078317151,2,1,33.0,9.5,1,9.5,Young Adult,Very Low,0,0,1.327,1,0.45535714285714285
0,3,1,-0.47837175799491216,0,0,-0.5151843995405714,2,1,23.0,7.8958,1,7.8958,Young Adult,Very Low,0,0,1.327,1,0.3803680981595092
1,2,0,1.3388222791925013,1,2,0.5751178601567503,2,0,48.0,65.0,4,16.25,Adult,High,0,0,0.6,0,0.34782608695652173
1,2,1,-2.1014894720107096,1,1,-0.3890890478240067,2,0,0.67,14.5,3,4.833333333333333,Child,Low,0,0,1.027,0,0.660377358490566
0,3,1,-0.11493295055742946,0,0,-0.5170937201504343,2,1,28.0,7.7958,1,7.7958,Young Adult,Very Low,0,0,1.327,1,0.38976377952755903
1,1,0,0.24850585688005322,0,0,0.9856217912772706,2,1,33.0,86.5,1,86.5,Young Adult,High,0,0,0.3,0,0.45535714285714285
0,3,1,0.8300079487800255,0,0,-0.5299014428013945,2,1,41.0,7.125,1,7.125,Adult,Very Low,0,0,1.327,1,0.34782608695652173
1,3,1,-0.6964350424574017,0,0,-0.5279119307259174,0,1,20.0,7.2292,1,7.2292,Young Adult,Very Low,0,0,1.327,0,0.3803680981595092
1,1,0,0.46656914134254285,1,2,1.625244195581337,2,0,36.0,120.0,4,30.0,Adult,Very High,0,0,0.3,0,0.45535714285714285
0,3,1,-0.9871860884073879,0,0,-0.5174908588372857,2,1,16.0,7.775,1,7.775,Teen,Very Low,0,0,1.327,1,0.41304347826086957
1,1,0,1.556885563654991,1,0,0.8225333527446125,2,0,51.0,77.9583,2,38.97915,Adult,High,1,0,0.3,0,0.45454545454545453
0,1,1,-0.11493295055742946,0,0,0.09015042525157749,0,1,28.0,39.6,1,39.6,Young Adult,Medium,0,0,0.727,1,0.38976377952755903
0,3,0,0.06678645316131189,0,0,-0.5179681889897515,1,1,30.5,7.75,1,7.75,Young Adult,Very Low,0,0,0.8999999999999999,1,0.38976377952755903
0,3,1,-0.11493295055742946,1,0,-0.20483960897223832,1,0,28.0,24.15,2,12.075,Young Adult,Medium,0,0,1.327,1,0.38976377952755903
0,3,1,0.1758180953925567,0,0,-0.5062736002543413,2,1,32.0,8.3625,1,8.3625,Young Adult,Very Low,0,0,1.327,1,0.38976377952755903
0,3,1,-0.4056839965074156,0,0,-0.484555078317151,2,1,24.0,9.5,1,9.5,Young Adult,Very Low,0,0,1.327,1,0.3803680981595092
0,3,1,1.3388222791925013,0,0,-0.5159786769142743,2,1,48.0,7.8542,1,7.8542,Adult,Very Low,0,0,1.327,1,0.34782608695652173
0,2,0,1.9930121325799701,0,0,-0.46546187221852214,2,1,57.0,10.5,1,10.5,Adult,Low,1,0,0.6,1,0.391304347826087
1,2,0,1.7749488481174804,1,3,-0.2267967959856615,2,0,54.0,23.0,5,4.6,Adult,Medium,1,0,0.6,0,0.45454545454545453
0,3,1,-0.8418105654323949,0,0,-0.5179681889897515,2,1,18.0,7.75,1,7.75,Teen,Very Low,0,0,1.327,1,0.3803680981595092
1,3,0,-1.7867514647698497,0,0,-0.42775279017373014,2,1,5.0,12.475,1,12.475,Child,Low,0,0,0.8999999999999999,0,0.660377358490566
0,3,1,-0.11493295055742946,0,0,-0.5182068540659843,1,1,28.0,7.7375,1,7.7375,Young Adult,Very Low,0,0,1.327,1,0.38976377952755903
1,1,0,0.9753834717550186,0,1,3.36916990761485,2,0,43.0,211.3375,2,105.66875,Adult,Very High,0,0,0.3,0,0.34782608695652173
1,3,0,-1.2052493728698774,0,0,-0.5279119307259174,0,1,13.0,7.2292,1,7.2292,Teen,Very Low,0,0,0.8999999999999999,0,0.41304347826086957
1,1,0,-0.9144983269198913,1,0,0.42237221136771946,2,0,17.0,57.0,2,28.5,Teen,High,0,0,0.3,0,0.3803680981595092
0,1,1,-0.042245189069932916,0,0,-0.09314435329525952,2,1,29.0,30.0,1,30.0,Young Adult,Medium,0,0,0.727,1,0.38976377952755903
0,3,1,-0.11493295055742946,1,2,-0.2182048532412785,2,0,28.0,23.45,4,5.8625,Young Adult,Medium,0,0,1.327,1,0.38976377952755903
0,3,1,-0.33299623501991904,0,0,-0.5313334332587917,2,1,25.0,7.05,1,7.05,Young Adult,Very Low,0,0,1.327,1,0.38976377952755903
0,3,1,-0.33299623501991904,0,0,-0.5275147920390659,2,1,25.0,7.25,1,7.25,Young Adult,Very Low,0,0,1.327,1,0.38976377952755903
1,3,0,-0.8418105654323949,0,0,-0.522821681980023,2,1,18.0,7.4958,1,7.4958,Teen,Very Low,0,0,0.8999999999999999,0,0.3803680981595092
0,3,1,-1.5686881803073602,4,1,-0.10985090863155976,1,0,8.0,29.125,6,4.854166666666667,Child,Medium,0,1,1.539,1,0.660377358490566
1,3,1,-2.0775025107198357,1,2,-0.27309782077483646,2,0,1.0,20.575,4,5.14375,Child,Medium,0,0,1.327,0,0.660377358490566
0,1,1,1.1934467562175082,0,0,0.84624138675728,0,1,46.0,79.2,1,79.2,Adult,High,0,0,0.727,1,0.34782608695652173
0,2,1,-0.9871860884073879,0,0,-0.16951717768977492,2,1,16.0,26.0,1,26.0,Teen,Medium,0,0,1.027,1,0.41304347826086957
0,1,1,-0.11493295055742946,0,0,-0.0798593004918336,0,1,28.0,30.6958,1,30.6958,Young Adult,Medium,0,0,0.727,1,0.38976377952755903
0,3,1,-0.33299623501991904,0,0,-0.5151843995405714,2,1,25.0,7.8958,1,7.8958,Young Adult,Very Low,0,0,1.327,1,0.38976377952755903
0,2,1,0.6846324258050325,0,0,-0.41772885697195,2,1,39.0,13.0,1,13.0,Adult,Low,0,0,1.027,1,0.45535714285714285
1,1,0,1.4115100406799979,0,0,-0.17086897668155782,2,1,49.0,25.9292,1,25.9292,Adult,Medium,0,0,0.3,0,0.45454545454545453
1,3,0,0.10313033390506016,0,0,-0.5001484997379012,2,1,31.0,8.6833,1,8.6833,Young Adult,Very Low,0,0,0.8999999999999999,0,0.38976377952755903
0,3,1,0.03044257241756362,0,0,-0.5279119307259174,0,1,30.0,7.2292,1,7.2292,Young Adult,Very Low,0,0,1.327,1,0.38976377952755903
0,3,0,0.03044257241756362,1,1,-0.20483960897223832,2,0,30.0,24.15,3,8.049999999999999,Young Adult,Medium,0,0,0.8999999999999999,1,0.38976377952755903
1,2,0,0.10313033390506016,1,1,-0.1647438761651177,2,0,31.0,26.25,3,8.75,Young Adult,Medium,0,0,0.6,0,0.38976377952755903
1,1,1,-1.3506248958448706,1,2,1.625244195581337,2,0,11.0,120.0,4,30.0,Child,Very High,0,0,0.727,0,0.41304347826086957
1,3,1,-2.119661412382584,0,1,-0.5033294278739328,0,0,0.42,8.5167,2,4.25835,Child,Very Low,0,0,1.327,0,0.660377358490566
1,3,1,-0.18762071204492597,0,0,-0.5327654237161888,2,1,27.0,6.975,1,6.975,Young Adult,Very Low,0,0,1.327,0,0.38976377952755903
0,3,1,0.10313033390506016,0,0,-0.5174908588372857,2,1,31.0,7.775,1,7.775,Young Adult,Very Low,0,0,1.327,1,0.38976377952755903
0,1,1,0.6846324258050325,0,0,-0.6659405362541251,2,1,39.0,0.0,1,0.0,Adult,,0,0,0.727,1,0.45535714285714285
0,3,0,-0.8418105654323949,0,0,-0.5174908588372857,2,1,18.0,7.775,1,7.775,Teen,Very Low,0,0,0.8999999999999999,1,0.3803680981595092
1,1,0,0.24850585688005322,1,0,0.34790870758306697,2,0,33.0,53.1,2,26.55,Young Adult,High,0,0,0.3,0,0.45535714285714285
0,3,1,-0.26030847353242254,0,0,-0.51534287315119,2,1,26.0,7.8875,1,7.8875,Young Adult,Very Low,0,0,1.327,1,0.38976377952755903
0,3,1,0.6846324258050325,0,0,-0.20483960897223832,2,1,39.0,24.15,1,24.15,Adult,Medium,0,0,1.327,1,0.45535714285714285
0,2,1,0.3938813798550463,0,0,-0.46546187221852214,2,1,35.0,10.5,1,10.5,Young Adult,Low,0,0,1.027,1,0.45535714285714285
0,3,0,-1.7140637032823534,4,2,-0.06880051551950776,2,0,6.0,31.275,7,4.4678571428571425,Child,Medium,0,1,1.1119999999999999,1,0.660377358490566
0,3,1,0.06678645316131189,0,0,-0.5122402271601628,2,1,30.5,8.05,1,8.05,Young Adult,Very Low,0,0,1.327,1,0.38976377952755903
0,3,0,-0.47837175799491216,0,0,-0.5146268779224914,2,1,23.0,7.925,1,7.925,Young Adult,Very Low,0,0,0.8999999999999999,1,0.3803680981595092
0,2,1,0.10313033390506016,1,1,0.04058828086075663,0,0,31.0,37.0042,3,12.334733333333332,Young Adult,Medium,0,0,1.027,1,0.38976377952755903
0,3,1,0.9753834717550186,0,0,-0.542789356917969,2,1,43.0,6.45,1,6.45,Adult,Very Low,0,0,1.327,1,0.34782608695652173
0,3,1,-1.4233126573323671,3,2,-0.13324008610238014,2,0,10.0,27.9,6,4.6499999999999995,Child,Medium,0,1,1.539,1,0.41304347826086957
1,1,0,1.6295733251424873,1,1,1.1192742339676727,2,0,52.0,93.5,3,31.166666666666668,Adult,High,1,0,0.3,0,0.45454545454545453
1,3,1,-0.18762071204492597,0,0,-0.5005456384247526,2,1,27.0,8.6625,1,8.6625,Young Adult,Very Low,0,0,1.327,0,0.38976377952755903
0,1,1,0.6119446643175359,0,0,-0.6659405362541251,2,1,38.0,0.0,1,0.0,Adult,,0,0,0.727,1,0.45535714285714285
1,3,0,-0.18762071204492597,0,1,-0.42775279017373014,2,0,27.0,12.475,2,6.2375,Young Adult,Low,0,0,0.8999999999999999,0,0.38976377952755903
0,3,1,-2.0048147492323394,4,1,0.09182108078520748,2,0,2.0,39.6875,6,6.614583333333333,Child,Medium,0,1,1.539,1,0.660377358490566
0,3,1,-0.11493295055742946,0,0,-0.5332427538686546,1,1,28.0,6.95,1,6.95,Young Adult,Very Low,0,0,1.327,1,0.38976377952755903
1,2,1,-2.0775025107198357,0,2,0.04058828086075663,0,0,1.0,37.0042,3,12.334733333333332,Child,Medium,0,0,1.027,0,0.660377358490566
1,3,1,-0.11493295055742946,0,0,-0.5179681889897515,1,1,28.0,7.75,1,7.75,Young Adult,Very Low,0,0,1.327,0,0.38976377952755903
1,1,0,2.356450940017453,0,0,0.8615159516361831,2,1,62.0,80.0,1,80.0,Senior,High,1,0,0.3,0,0.391304347826087
1,3,0,-1.0598738498948845,1,0,-0.3899635166633239,0,0,15.0,14.4542,2,7.2271,Teen,Low,0,0,0.8999999999999999,0,0.41304347826086957
1,2,1,-2.0898594301727105,1,1,-0.3079429219048341,2,0,0.83,18.75,3,6.25,Child,Low,0,0,1.027,0,0.660377358490566
0,3,1,-0.47837175799491216,0,0,-0.5159786769142743,2,1,23.0,7.8542,1,7.8542,Young Adult,Very Low,0,0,1.327,1,0.3803680981595092
0,3,1,-0.8418105654323949,0,0,-0.5074669256355056,2,1,18.0,8.3,1,8.3,Teen,Very Low,0,0,1.327,1,0.3803680981595092
1,1,0,0.6846324258050325,1,1,0.9218180244574825,0,0,39.0,83.1583,3,27.71943333333333,Adult,High,0,0,0.3,0,0.45535714285714285
0,3,1,-0.6237472809699052,0,0,-0.5005456384247526,2,1,21.0,8.6625,1,8.6625,Young Adult,Very Low,0,0,1.327,1,0.3803680981595092
1,1,1,-0.11493295055742946,0,0,-0.09887231512484819,0,1,28.0,29.7,1,29.7,Young Adult,Medium,0,0,0.727,0,0.38976377952755903
0,3,1,-0.6964350424574017,0,0,-0.5146268779224914,2,1,20.0,7.925,1,7.925,Young Adult,Very Low,0,0,1.327,1,0.3803680981595092
0,2,1,-0.9871860884073879,0,0,-0.46546187221852214,2,1,16.0,10.5,1,10.5,Teen,Low,0,0,1.027,1,0.41304347826086957
1,1,0,0.03044257241756362,0,0,-0.07405114719663067,0,1,30.0,31.0,1,31.0,Young Adult,Medium,0,0,0.3,0,0.38976377952755903
0,3,1,0.35753749911129806,0,0,-0.5430280219942019,0,1,34.5,6.4375,1,6.4375,Young Adult,Very Low,0,0,1.327,1,0.45535714285714285
0,3,1,0.902695710267522,0,0,-0.5217868302094772,2,1,42.0,7.55,1,7.55,Adult,Very Low,0,0,1.327,1,0.34782608695652173
0,3,1,0.3938813798550463,0,0,-0.5151843995405714,0,1,35.0,7.8958,1,7.8958,Young Adult,Very Low,0,0,1.327,1,0.45535714285714285
0,2,1,-0.11493295055742946,0,1,-0.03586473499937297,2,0,28.0,33.0,2,16.5,Young Adult,Medium,0,0,1.027,1,0.38976377952755903
1,1,0,-0.11493295055742946,1,0,1.03534431859932,0,0,28.0,89.1042,2,44.5521,Young Adult,High,0,0,0.3,0,0.38976377952755903
0,3,1,-1.8594392262573463,4,2,-0.06880051551950776,2,0,4.0,31.275,7,4.4678571428571425,Child,Medium,0,1,1.539,1,0.660377358490566
0,3,1,3.2287040778674116,0,0,-0.5174908588372857,2,1,74.0,7.775,1,7.775,Senior,Very Low,1,0,1.327,1,0.5
0,3,0,-1.4960004188198637,1,1,-0.37484933471564935,0,0,9.0,15.2458,3,5.081933333333333,Child,Low,0,0,0.8999999999999999,1,0.41304347826086957
1,1,0,-0.9871860884073879,0,1,0.08633178403185165,2,0,16.0,39.4,2,19.7,Teen,Medium,0,0,0.3,0,0.41304347826086957
0,2,0,1.048071233242515,1,0,-0.16951717768977492,2,0,44.0,26.0,2,13.0,Adult,Medium,0,0,0.6,1,0.34782608695652173
1,3,0,-0.8418105654323949,0,1,-0.4874190592319453,2,0,18.0,9.35,2,4.675,Teen,Very Low,0,0,0.8999999999999999,0,0.3803680981595092
1,1,0,1.1207589947300116,1,1,2.481893345646688,2,0,45.0,164.8667,3,54.95556666666667,Adult,Very High,0,0,0.3,0,0.34782608695652173
1,1,1,1.556885563654991,0,0,-0.15901591433552906,2,1,51.0,26.55,1,26.55,Adult,Medium,1,0,0.727,0,0.45454545454545453
1,3,0,-0.4056839965074156,0,3,-0.2982378452449011,0,0,24.0,19.2583,4,4.814575,Young Adult,Low,0,0,0.8999999999999999,0,0.3803680981595092
0,3,1,0.8300079487800255,2,0,-0.39656785665283967,2,0,41.0,14.1083,3,4.702766666666666,Adult,Low,0,0,1.327,1,0.34782608695652173
0,2,1,-0.6237472809699052,1,0,-0.4463686661198933,2,0,21.0,11.5,2,5.75,Young Adult,Low,0,0,1.027,1,0.3803680981595092
1,1,0,1.3388222791925013,0,0,-0.17086897668155782,2,1,48.0,25.9292,1,25.9292,Adult,Medium,0,0,0.3,0,0.34782608695652173
0,2,1,-0.4056839965074156,0,0,-0.41772885697195,2,1,24.0,13.0,1,13.0,Young Adult,Low,0,0,1.027,1,0.3803680981595092
1,2,0,0.902695710267522,0,0,-0.41772885697195,2,1,42.0,13.0,1,13.0,Adult,Low,0,0,0.6,0,0.34782608695652173
1,2,0,-0.18762071204492597,1,0,-0.4013411581774969,0,0,27.0,13.8583,2,6.92915,Young Adult,Low,0,0,0.6,0,0.38976377952755903
0,1,1,0.10313033390506016,0,0,0.29818618026101773,2,1,31.0,50.4958,1,50.4958,Young Adult,High,0,0,0.727,1,0.38976377952755903
1,3,1,-1.8594392262573463,1,1,-0.45337014479626053,2,0,4.0,11.1333,3,3.7111,Child,Low,0,0,1.327,0,0.660377358490566
1,1,0,1.2661345177050047,1,1,0.33748763569443535,2,0,47.0,52.5542,3,17.518066666666666,Adult,High,0,0,0.3,0,0.34782608695652173
0,1,1,0.24850585688005322,0,0,-0.5704745057609808,2,1,33.0,5.0,1,5.0,Young Adult,Very Low,0,0,0.727,1,0.45535714285714285
0,3,1,1.2661345177050047,0,0,-0.49410168136646543,2,1,47.0,9.0,1,9.0,Adult,Very Low,0,0,1.327,1,0.34782608695652173
1,2,0,-0.11493295055742946,1,0,-0.20770358988703264,0,0,28.0,24.0,2,12.0,Young Adult,Medium,0,0,0.6,0,0.38976377952755903
1,3,0,-1.0598738498948845,0,0,-0.5279921221915316,0,1,15.0,7.225,1,7.225,Teen,Very Low,0,0,0.8999999999999999,0,0.41304347826086957
0,3,1,-0.6964350424574017,0,0,-0.47795264764824513,2,1,20.0,9.8458,1,9.8458,Young Adult,Very Low,0,0,1.327,1,0.3803680981595092
1,1,0,1.9203243710924736,0,1,0.9218180244574825,0,0,56.0,83.1583,2,41.57915,Adult,High,1,0,0.3,0,0.45454545454545453
1,2,0,-0.33299623501991904,0,1,-0.16951717768977492,2,0,25.0,26.0,2,13.0,Young Adult,Medium,0,0,0.6,0,0.38976377952755903
0,3,1,0.24850585688005322,0,0,-0.5151843995405714,2,1,33.0,7.8958,1,7.8958,Young Adult,Very Low,0,0,1.327,1,0.45535714285714285
0,3,0,-0.5510595194824087,0,0,-0.46514301567667504,2,1,22.0,10.5167,1,10.5167,Young Adult,Low,0,0,0.8999999999999999,1,0.3803680981595092
0,2,1,-0.11493295055742946,0,0,-0.46546187221852214,2,1,28.0,10.5,1,10.5,Young Adult,Low,0,0,1.027,1,0.38976377952755903
0,3,0,0.6846324258050325,0,5,-0.10985090863155976,1,0,39.0,29.125,6,4.854166666666667,Adult,Medium,0,1,1.1119999999999999,1,0.45535714285714285
1,1,0,-0.7691228039448983,0,0,-0.09314435329525952,2,1,19.0,30.0,1,30.0,Young Adult,Medium,0,0,0.3,0,0.3803680981595092
0,3,0,-0.11493295055742946,1,2,-0.2182048532412785,2,0,28.0,23.45,4,5.8625,Young Adult,Medium,0,0,0.8999999999999999,1,0.38976377952755903
1,1,1,-0.26030847353242254,0,0,-0.09314435329525952,0,1,26.0,30.0,1,30.0,Young Adult,Medium,0,0,0.727,0,0.38976377952755903
0,3,1,0.1758180953925567,0,0,-0.5179681889897515,1,1,32.0,7.75,1,7.75,Young Adult,Very Low,0,0,1.327,1,0.38976377952755903
